OID_,Number,Name,Latitude,Longitude,District,Public_,Total_docks,shape_wkt,POINT_X,POINT_Y
1,K32015,1200 Beacon St,42.344148990000001,-71.114673609999997,Brookline,Yes,15,POINT (-71.114673609999954 42.344148990000065),-71.114673609999954,42.344148990000065
2,W32006,160 Arsenal St,42.364664030000000,-71.175693870000003,Watertown,Yes,11,POINT (-71.175693869999975 42.364664030000029),-71.175693869999975,42.364664030000029
3,A32019,175 N Harvard St,42.364474569999999,-71.128408309999998,Boston,Yes,17,POINT (-71.128408309999941 42.364474570000027),-71.128408309999941,42.364474570000027
4,S32035,191 Beacon St,42.380323349999998,-71.108786129999999,Somerville,Yes,19,POINT (-71.108786129999942 42.380323350000026),-71.108786129999942,42.380323350000026
5,C32094,2 Hummingbird Lane at Olmsted Green,42.288870000000003,-71.095003000000005,Boston,Yes,17,POINT (-71.095002999999963 42.288870000000031),-71.095002999999963,42.288870000000031
6,S32023,30 Dane St,42.381001429999998,-71.104025230000005,Somerville,Yes,15,POINT (-71.104025229999934 42.381001430000026),-71.104025229999934,42.381001430000026
7,M32026,359 Broadway - Broadway at Fayette Street,42.370803000000002,-71.104411999999996,Cambridge,Yes,23,POINT (-71.104411999999968 42.37080300000008),-71.104411999999968,42.370803000000080
8,S32049,515 Somerville Ave (Temp. Winter Location),42.383227269999999,-71.106069090000005,Somerville,Yes,19,POINT (-71.106069089999949 42.383227270000077),-71.106069089999949,42.383227270000077
9,M32088,55 Wheeler Street,42.390821000000003,-71.143946000000000,Cambridge,Yes,23,POINT (-71.143945999999971 42.390821000000074),-71.143945999999971,42.390821000000074
10,C32106,555 Metropolitan Ave,42.268099999999997,-71.119240000000005,Boston,Yes,18,POINT (-71.119239999999934 42.268100000000061),-71.119239999999934,42.268100000000061
11,C32105,606 American Legion Hwy at Canterbury St,42.285780000000003,-71.109724999999997,Boston,Yes,18,POINT (-71.109724999999969 42.285780000000045),-71.109724999999969,42.285780000000045
12,C32091,645 Summer St,42.341780890000003,-71.039870170000000,Boston,Yes,19,POINT (-71.039870169999972 42.341780890000052),-71.039870169999972,42.341780890000052
13,M32054,699 Mt Auburn St,42.375002350000003,-71.148716140000005,Cambridge,Yes,25,POINT (-71.148716139999976 42.375002350000045),-71.148716139999976,42.375002350000045
14,V32001,7 Acre Park,42.411432230000003,-71.068232649999999,Everett,Yes,15,POINT (-71.06823264999997 42.411432230000059),-71.068232649999970,42.411432230000059
15,B32060,700 Commonwealth Ave.,42.349609450000003,-71.103915240000006,Boston,Yes,16,POINT (-71.103915239999935 42.349609450000059),-71.103915239999935,42.349609450000059
16,M32060,700 Huron Ave,42.380788170000002,-71.154128909999997,Cambridge,Yes,19,POINT (-71.15412890999994 42.380788170000073),-71.154128909999940,42.380788170000073
17,M32064,75 Binney St,42.365507289999996,-71.080137600000000,Cambridge,Yes,19,POINT (-71.080137599999944 42.365507290000039),-71.080137599999944,42.365507290000039
18,M32058,84 Cambridgepark Dr,42.393599999999999,-71.143940999999998,Cambridge,Yes,27,POINT (-71.143940999999984 42.393600000000049),-71.143940999999984,42.393600000000049
19,H32006,855 Broadway,42.398417729999998,-71.023909230000001,Chelsea,Yes,11,POINT (-71.023909229999958 42.398417730000062),-71.023909229999958,42.398417730000062
20,M32084,87-101 Cambridgepark Drive,42.395221870000000,-71.144219039999996,Cambridge,Yes,23,POINT (-71.144219039999939 42.395221870000057),-71.144219039999939,42.395221870000057
21,M32073,955 Mass Ave,42.368951809999999,-71.109987799999999,Cambridge,Yes,19,POINT (-71.109987799999942 42.368951810000056),-71.109987799999942,42.368951810000056
22,C32061,Albany St at E. Brookline St,42.336647950000000,-71.068944599999995,Boston,Yes,15,POINT (-71.068944599999952 42.336647950000042),-71.068944599999952,42.336647950000042
23,M32046,Alewife MBTA at Steel Place,42.395588459999999,-71.142606139999998,Cambridge,Yes,19,POINT (-71.142606139999941 42.395588460000056),-71.142606139999941,42.395588460000056
24,M32033,Alewife Station at Russell Field,42.396104999999999,-71.139459000000002,Cambridge,Yes,23,POINT (-71.139458999999988 42.396105000000034),-71.139458999999988,42.396105000000034
25,C32079,American Legion Hwy at Cummins Hwy,42.278811580000003,-71.116877029999998,Boston,Yes,14,POINT (-71.116877029999955 42.278811580000081),-71.116877029999955,42.278811580000081
26,M32059,Ames St at Broadway,42.363692899999997,-71.087567199999995,Cambridge,Yes,19,POINT (-71.087567199999967 42.363692900000046),-71.087567199999967,42.363692900000046
27,M32037,Ames St at Main St,42.362499999999997,-71.088220000000007,Cambridge,Yes,19,POINT (-71.088219999999978 42.362500000000068),-71.088219999999978,42.362500000000068
28,B32004,Aquarium T Stop - 200 Atlantic Ave,42.360441360000003,-71.050439400000002,Boston,Yes,23,POINT (-71.050439399999959 42.360441360000038),-71.050439399999959,42.360441360000038
29,C32048,Archdale Rd at Washington St,42.292665929999998,-71.121195389999997,Boston,Yes,15,POINT (-71.121195389999968 42.292665930000055),-71.121195389999968,42.292665930000055
30,W32004,Arsenal Yards,42.362773890000000,-71.157648539999997,Watertown,Yes,14,POINT (-71.157648539999968 42.362773890000028),-71.157648539999968,42.362773890000028
31,C32062,Ashmont T Stop,42.285694399999997,-71.064138900000003,Boston,Yes,15,POINT (-71.064138899999989 42.285694400000068),-71.064138899999989,42.285694400000068
32,S32018,Assembly Square T,42.392232839999998,-71.077466009999995,Somerville,Yes,15,POINT (-71.077466009999966 42.392232840000077),-71.077466009999966,42.392232840000077
33,ZZ32996,Auburn St. at Mystic River,42.417590900000000,-71.126081279999994,Medford,Yes,11,POINT (-71.126081279999937 42.41759090000005),-71.126081279999937,42.417590900000050
34,N32015,Auburndale,42.348055410000001,-71.247759459999997,Newton,Yes,15,POINT (-71.247759459999941 42.348055410000029),-71.247759459999941,42.348055410000029
35,A32003,B.U. Central - 725 Comm. Ave.,42.350406000000000,-71.108278999999996,Boston,Yes,11,POINT (-71.108278999999982 42.350406000000078),-71.108278999999982,42.350406000000078
36,C32003,Back Bay T Stop - Dartmouth St at Stuart St,42.348074120000000,-71.076570149999995,Boston,Yes,19,POINT (-71.076570149999952 42.348074120000035),-71.076570149999952,42.348074120000035
37,N32003,Bacon St at Washington St,42.357119210000000,-71.186045370000002,Newton,Yes,11,POINT (-71.186045369999988 42.357119210000064),-71.186045369999988,42.357119210000064
38,S32007,Ball Sq,42.399368160000002,-71.111115220000002,Somerville,Yes,19,POINT (-71.111115219999988 42.399368160000051),-71.111115219999988,42.399368160000051
39,B32055,Bartlett St at John Elliot Sq,42.329463300000000,-71.090158200000005,Boston,Yes,15,POINT (-71.090158199999962 42.329463300000043),-71.090158199999962,42.329463300000043
40,C32108,Beach St at Freeport St,42.303674090000001,-71.054259540000004,Boston,Yes,19,POINT (-71.054259539999975 42.303674090000072),-71.054259539999975,42.303674090000072
41,N32012,Beacon at Walnut,42.330062320000003,-71.206684109999998,Newton,Yes,15,POINT (-71.206684109999969 42.330062320000025),-71.206684109999969,42.330062320000025
42,D32024,Beacon St at Charles St,42.356051999999998,-71.069849000000005,Boston,Yes,19,POINT (-71.069848999999977 42.356052000000034),-71.069848999999977,42.356052000000034
43,K32002,Beacon St at Tappan St,42.338266800000000,-71.138946820000001,Brookline,Yes,15,POINT (-71.138946819999944 42.338266800000042),-71.138946819999944,42.338266800000042
44,C32059,Belgrade Ave at Walworth St,42.286345890000000,-71.136721300000005,Boston,Yes,14,POINT (-71.136721299999977 42.286345890000064),-71.136721299999977,42.286345890000064
45,H32002,Bellingham Square,42.393196109999998,-71.033445599999993,Chelsea,Yes,11,POINT (-71.033445599999936 42.393196110000076),-71.033445599999936,42.393196110000076
46,A32028,Bennington St at Byron St,42.383532520000003,-71.016190949999995,Boston,Yes,15,POINT (-71.016190949999952 42.383532520000074),-71.016190949999952,42.383532520000074
47,A32039,Bennington St at Constitution Beach,42.385223940000003,-71.010630689999999,Boston,Yes,15,POINT (-71.010630689999971 42.38522394000006),-71.010630689999971,42.385223940000060
48,M32067,Berkshire Street at Cambridge Street,42.372076579999998,-71.089954340000006,Cambridge,Yes,19,POINT (-71.089954339999963 42.372076580000055),-71.089954339999963,42.372076580000055
49,M32027,Binney St / Sixth St,42.366087970000002,-71.086336040000006,Cambridge,Yes,19,POINT (-71.086336039999935 42.366087970000081),-71.086336039999935,42.366087970000081
50,C32044,Blue Hill Ave at Almont St,42.274620669999997,-71.093725520000007,Boston,Yes,19,POINT (-71.093725519999964 42.274620670000047),-71.093725519999964,42.274620670000047
51,C32092,Blue Hill Ave at Havelock St,42.286011999999999,-71.090986000000001,Boston,Yes,18,POINT (-71.090985999999987 42.286012000000028),-71.090985999999987,42.286012000000028
52,B32008,Boston City Hall - 28 State St,42.358919999999998,-71.057629000000006,Boston,Yes,25,POINT (-71.057628999999963 42.358920000000069),-71.057628999999963,42.358920000000069
53,N32009,Boston College T,42.339878919999997,-71.167089340000004,Newton,Yes,17,POINT (-71.167089339999961 42.339878920000046),-71.167089339999961,42.339878920000046
54,D32018,Boston Convention and Exhibition Center - Summer St at West Side Dr,42.347763450000002,-71.045359970000007,Boston,Yes,23,POINT (-71.045359969999936 42.347763450000059),-71.045359969999936,42.347763450000059
55,A32036,Boston East - 126 Border St,42.373312130000002,-71.041020079999996,Boston,Yes,15,POINT (-71.041020079999953 42.373312130000045),-71.041020079999953,42.373312130000045
56,A32045,Boston Landing,42.356560920000000,-71.141675379999995,Boston,Yes,17,POINT (-71.141675379999981 42.356560920000049),-71.141675379999981,42.356560920000049
57,B32031,Bowdoin St at Quincy St,42.307852240000003,-71.065122489999993,Boston,Yes,15,POINT (-71.065122489999965 42.307852240000045),-71.065122489999965,42.307852240000045
58,D32007,Boylston St at Arlington St,42.352060049999999,-71.070463660000001,Boston,Yes,31,POINT (-71.070463659999973 42.352060050000034),-71.070463659999973,42.352060050000034
59,D32013,Boylston St at Berkeley St,42.351141980000001,-71.073292490000000,Boston,Yes,15,POINT (-71.073292489999972 42.351141980000079),-71.073292489999972,42.351141980000079
60,D32046,Boylston St at Exeter St,42.349589420000001,-71.079467789999995,Boston,Yes,19,POINT (-71.079467789999967 42.349589420000029),-71.079467789999967,42.349589420000029
61,C32008,Boylston St at Fairfield St,42.348803820000001,-71.082369090000000,Boston,Yes,19,POINT (-71.082369089999986 42.348803820000057),-71.082369089999986,42.348803820000057
62,B32034,Boylston St at Jersey St,42.344650629999997,-71.097325010000006,Boston,Yes,15,POINT (-71.097325009999963 42.344650630000046),-71.097325009999963,42.344650630000046
63,B32018,Boylston St at Massachusetts Ave,42.347406210000003,-71.086784150000000,Boston,Yes,15,POINT (-71.086784149999971 42.347406210000031),-71.086784149999971,42.347406210000031
64,S32050,Boynton Yards at 101 South Street,42.375447600000001,-71.091173889999993,Somerville,Yes,19,POINT (-71.091173889999936 42.37544760000003),-71.091173889999936,42.375447600000030
65,A32032,Bremen St at Marion St,42.374106220000002,-71.032762529999999,Boston,Yes,11,POINT (-71.032762529999957 42.374106220000044),-71.032762529999957,42.374106220000044
66,T32016,Bridge Street Neck,42.528100520000002,-70.889711379999994,Salem,Yes,11,POINT (-70.889711379999937 42.528100520000066),-70.889711379999937,42.528100520000066
67,B32013,Brigham Circle - Francis St at Huntington Ave,42.334628930000001,-71.104079179999999,Boston,Yes,15,POINT (-71.104079179999985 42.334628930000065),-71.104079179999985,42.334628930000065
68,D32028,Brighton Center - Washington St at Cambridge St,42.348948569999997,-71.150271889999999,Boston,Yes,16,POINT (-71.150271889999942 42.348948570000061),-71.150271889999942,42.348948570000061
69,A32005,Brighton Mills - 370 Western Ave,42.361545710000001,-71.137762069999994,Boston,Yes,15,POINT (-71.137762069999951 42.36154571000003),-71.137762069999951,42.361545710000030
70,M32082,Broad Canal Way at Third Street,42.363045499999998,-71.082870790000001,Cambridge,Yes,19,POINT (-71.082870789999959 42.363045500000055),-71.082870789999959,42.363045500000055
71,V32011,Broadway at Beacham St,42.398360599999997,-71.063738430000001,Everett,Yes,15,POINT (-71.063738429999944 42.398360600000046),-71.063738429999944,42.398360600000046
72,S32016,Broadway at Central St,42.395171499999996,-71.098505919999994,Somerville,Yes,19,POINT (-71.09850591999998 42.39517150000006),-71.098505919999980,42.395171500000060
73,H32004,Broadway at Gerrish Ave,42.394530789999997,-71.030855939999995,Chelsea,Yes,11,POINT (-71.030855939999981 42.394530790000033),-71.030855939999981,42.394530790000033
74,Z32998,Broadway at Kittie Knox Bike Path,42.364126589999998,-71.087386319999993,Cambridge,Yes,23,POINT (-71.087386319999951 42.364126590000069),-71.087386319999951,42.364126590000069
75,V32004,Broadway at Lynde St,42.396483580000002,-71.065467600000005,Everett,Yes,15,POINT (-71.065467599999977 42.396483580000051),-71.065467599999977,42.396483580000051
76,V32008,Broadway at Maple St,42.410346910000001,-71.052604579999993,Everett,Yes,13,POINT (-71.052604579999979 42.410346910000044),-71.052604579999979,42.410346910000044
77,S32014,Broadway St at Mt Pleasant St,42.386141410000000,-71.078281399999995,Somerville,Yes,19,POINT (-71.07828139999998 42.38614141000005),-71.078281399999980,42.386141410000050
78,C32053,Broadway T Stop,42.343048580000001,-71.058034300000003,Boston,Yes,19,POINT (-71.058034299999974 42.343048580000072),-71.058034299999974,42.343048580000072
79,K32005,Brookline Town Hall,42.333764729999999,-71.120464470000002,Brookline,Yes,15,POINT (-71.120464469999945 42.333764730000041),-71.120464469999945,42.333764730000041
80,K32003,Brookline Village - Station Street at MBTA,42.332743919999999,-71.116266809999999,Brookline,Yes,19,POINT (-71.116266809999956 42.332743920000041),-71.116266809999956,42.332743920000041
81,A32023,Bunker Hill Community College,42.374089910000002,-71.069059969999998,Boston,Yes,23,POINT (-71.069059969999955 42.374089910000066),-71.069059969999955,42.374089910000066
82,B32020,Burlington Ave at Brookline Ave,42.345733000000003,-71.100694000000004,Boston,Yes,15,POINT (-71.100693999999976 42.345733000000052),-71.100693999999976,42.345733000000052
83,N32011,California at Chapel,42.365148710000000,-71.202360389999996,Newton,Yes,12,POINT (-71.202360389999967 42.365148710000028),-71.202360389999967,42.365148710000028
84,M32077,Cambridge Crossing at North First Street,42.371141000000001,-71.076198000000005,Cambridge,Yes,23,POINT (-71.076197999999977 42.37114100000008),-71.076197999999977,42.371141000000080
85,M32052,Cambridge Dept. of Public Works -147 Hampshire St.,42.371197279999997,-71.097598669999996,Cambridge,Yes,19,POINT (-71.097598669999968 42.371197280000047),-71.097598669999968,42.371197280000047
86,M32013,Cambridge Main Library at Broadway / Trowbridge St,42.373379000000000,-71.111075000000000,Cambridge,Yes,19,POINT (-71.111074999999971 42.373379000000057),-71.111074999999971,42.373379000000057
87,M32007,Cambridge St - at Columbia St / Webster Ave,42.372968999999998,-71.094444999999993,Cambridge,Yes,15,POINT (-71.094444999999951 42.372969000000069),-71.094444999999951,42.372969000000069
88,D32000,Cambridge St at Joy St,42.361257219999999,-71.065287440000006,Boston,Yes,15,POINT (-71.065287439999963 42.361257220000027),-71.065287439999963,42.361257220000027
89,M32019,CambridgeSide Galleria - CambridgeSide PL at Land Blvd,42.367074070000001,-71.076792780000005,Cambridge,Yes,15,POINT (-71.076792779999948 42.367074070000058),-71.076792779999948,42.367074070000058
90,H32001,Cary Square,42.398135650000000,-71.030709720000004,Chelsea,Yes,12,POINT (-71.030709719999948 42.398135650000029),-71.030709719999948,42.398135650000029
91,C23109,Cedar Grove T Stop,42.279607599999999,-71.060221200000001,Boston,Yes,18,POINT (-71.060221199999944 42.279607600000077),-71.060221199999944,42.279607600000077
92,M32012,Central Sq Post Office / Cambridge City Hall at Mass Ave / Pleasant St,42.366425999999997,-71.105495000000005,Cambridge,Yes,17,POINT (-71.105494999999962 42.366426000000047),-71.105494999999962,42.366426000000047
93,M32011,Central Square at Mass Ave / Essex St,42.365070000000003,-71.103099999999998,Cambridge,Yes,19,POINT (-71.103099999999984 42.36507000000006),-71.103099999999984,42.365070000000060
94,A32041,Central Square East Boston,42.375449130000000,-71.039185489999994,Boston,Yes,15,POINT (-71.039185489999966 42.37544913000005),-71.039185489999966,42.375449130000050
95,N32018,Centre St at Commonwealth Ave,42.336235799999997,-71.193442099999999,Newton,Yes,11,POINT (-71.19344209999997 42.336235800000054),-71.193442099999970,42.336235800000054
96,C32086,Centre St at Parkway YMCA,42.282779009999999,-71.157288510000001,Boston,Yes,17,POINT (-71.157288509999944 42.28277901000007),-71.157288509999944,42.282779010000070
97,C32085,Centre St at W. Roxbury Post Office,42.286331990000001,-71.153447549999996,Boston,Yes,19,POINT (-71.153447549999953 42.286331990000065),-71.153447549999953,42.286331990000065
98,N32000,Centre St at Washington St,42.355743349999997,-71.186419430000001,Newton,Yes,11,POINT (-71.186419429999944 42.355743350000068),-71.186419429999944,42.355743350000068
99,D32016,Charles Circle - Charles St at Cambridge St,42.360792969999999,-71.071189619999998,Boston,Yes,19,POINT (-71.071189619999984 42.360792970000034),-71.071189619999984,42.360792970000034
100,D32039,Charlestown Navy Yard,42.374124549999998,-71.054811999999998,Boston,Yes,23,POINT (-71.05481199999997 42.374124550000033),-71.054811999999970,42.374124550000033
101,H32003,Chelsea Square,42.390226710000000,-71.038570179999994,Chelsea,Yes,11,POINT (-71.038570179999965 42.390226710000036),-71.038570179999965,42.390226710000036
102,V32016,Chelsea St at Vine St,42.403369460000000,-71.047314409999998,Everett,Yes,11,POINT (-71.047314409999956 42.403369460000079),-71.047314409999956,42.403369460000079
103,H32005,Chelsea Station,42.396365279999998,-71.039871790000007,Chelsea,Yes,11,POINT (-71.03987178999995 42.396365280000055),-71.039871789999950,42.396365280000055
104,M32049,Child Street at Brian P. Murphy Staircase,42.371976779999997,-71.072004960000001,Cambridge,Yes,23,POINT (-71.072004959999958 42.371976780000068),-71.072004959999958,42.371976780000068
105,D32015,Chinatown Gate Plaza,42.351356000000003,-71.059366999999995,Boston,Yes,19,POINT (-71.059366999999952 42.351356000000067),-71.059366999999952,42.351356000000067
106,D32019,Chinatown T Stop,42.352409000000002,-71.062679000000003,Boston,Yes,19,POINT (-71.062678999999946 42.35240900000008),-71.062678999999946,42.352409000000080
107,R32006,Revere City Hall,42.407409999999999,-71.013900000000007,Revere,Yes,11,POINT (-71.013899999999978 42.407410000000027),-71.013899999999978,42.407410000000027
108,R32007,Revere Public Library,42.408087999999999,-71.008942000000005,Revere,Yes,11,POINT (-71.008941999999934 42.408088000000077),-71.008941999999934,42.408088000000077
109,M32036,Rindge Avenue - O'Neill Library,42.392766000000002,-71.129041999999998,Cambridge,Yes,19,POINT (-71.12904199999997 42.392766000000051),-71.129041999999970,42.392766000000051
110,A32056,Riverway at Brookline Ave,42.336610059999998,-71.110046800000006,Boston,Yes,25,POINT (-71.110046799999964 42.336610060000055),-71.110046799999964,42.336610060000055
111,M32035,Rogers St & Land Blvd,42.366446740000001,-71.076546010000001,Cambridge,Yes,19,POINT (-71.076546009999959 42.366446740000072),-71.076546009999959,42.366446740000072
112,C32047,Roslindale Village - South St,42.287072000000002,-71.127753999999996,Boston,Yes,15,POINT (-71.127753999999982 42.28707200000008),-71.127753999999982,42.287072000000080
113,C32046,Roslindale Village - Washington St,42.286307160000000,-71.128205320000006,Boston,Yes,15,POINT (-71.12820531999995 42.286307160000035),-71.128205319999950,42.286307160000035
114,E32014,Ross Playground,42.264566600000002,-71.114552300000000,Boston,Yes,19,POINT (-71.114552299999957 42.26456660000008),-71.114552299999957,42.264566600000080
115,D32008,Rowes Wharf at Atlantic Ave,42.357143000000001,-71.050698999999994,Boston,Yes,15,POINT (-71.050698999999952 42.357143000000065),-71.050698999999952,42.357143000000065
116,C32001,Roxbury Crossing T Stop - Columbus Ave at Tremont St,42.331184000000000,-71.095170999999993,Boston,Yes,23,POINT (-71.095170999999937 42.331184000000064),-71.095170999999937,42.331184000000064
117,B32022,Roxbury YMCA - Warren St at MLK Blvd,42.317873290000001,-71.082430779999996,Boston,Yes,10,POINT (-71.082430779999981 42.31787329000008),-71.082430779999981,42.317873290000080
118,B32002,Ruggles T Stop - Columbus Ave at Melnea Cass Blvd,42.336244450000002,-71.087985630000006,Boston,Yes,26,POINT (-71.087985629999935 42.336244450000038),-71.087985629999935,42.336244450000038
119,E32007,S Huntington Ave at Heath St,42.327603869999997,-71.110891699999996,Boston,Yes,15,POINT (-71.110891699999968 42.327603870000075),-71.110891699999968,42.327603870000075
120,T32012,Salem MBTA - Lower Level,42.523994000000002,-70.896839999999997,Salem,Yes,11,POINT (-70.896839999999941 42.523994000000073),-70.896839999999941,42.523994000000073
121,T32005,Salem MBTA - Washington at Federal St,42.523452390000003,-70.896111129999994,Salem,Yes,13,POINT (-70.896111129999952 42.523452390000045),-70.896111129999952,42.523452390000045
122,T32007,Salem State University - Bike Path at Loring Ave,42.501823989999998,-70.894780760000003,Salem,Yes,15,POINT (-70.894780759999946 42.501823990000048),-70.894780759999946,42.501823990000048
123,C32033,Savin Hill T Stop - S Sydney St at Bay St,42.310600000000001,-71.053899999999999,Boston,Yes,14,POINT (-71.053899999999942 42.310600000000079),-71.053899999999942,42.310600000000079
124,C32036,Seaport Blvd at Sleeper St,42.353178090000000,-71.048173570000003,Boston,Yes,15,POINT (-71.04817356999996 42.353178090000029),-71.048173569999960,42.353178090000029
125,B32014,Seaport Hotel - Congress St at Seaport Ln,42.348810260000000,-71.041677440000001,Boston,Yes,19,POINT (-71.041677439999944 42.34881026000005),-71.041677439999944,42.348810260000050
126,B32007,Seaport Square - Seaport Blvd at Northern Ave,42.351481929999998,-71.044360850000004,Boston,Yes,23,POINT (-71.044360849999975 42.351481930000034),-71.044360849999975,42.351481930000034
127,M32063,Sennott Park Broadway at Norfolk Street,42.368605240000001,-71.099301859999997,Cambridge,Yes,19,POINT (-71.099301859999969 42.368605240000079),-71.099301859999969,42.368605240000079
128,D32059,Shawmut Ave at Lenox St,42.335846130000000,-71.080381570000000,Boston,Yes,19,POINT (-71.080381569999986 42.33584613000005),-71.080381569999986,42.335846130000050
129,D32048,Shawmut Ave at Oak St W,42.348545430000001,-71.065591850000004,Boston,Yes,15,POINT (-71.065591849999976 42.348545430000058),-71.065591849999976,42.348545430000058
130,E32009,Shawmut T Stop,42.292917000000003,-71.065749999999994,Boston,Yes,19,POINT (-71.06574999999998 42.292917000000045),-71.065749999999980,42.292917000000045
131,T32003,Shetland Park - Congress at Peabody St,42.518367880000000,-70.889523629999999,Salem,Yes,11,POINT (-70.889523629999985 42.518367880000028),-70.889523629999985,42.518367880000028
132,M32047,Sidney Research Campus/Erie Street at Waverly,42.357753090000003,-71.103934050000007,Cambridge,Yes,19,POINT (-71.103934049999964 42.357753090000074),-71.103934049999964,42.357753090000074
133,D32032,Silber Way,42.349496000000002,-71.100575919999997,Boston,Yes,19,POINT (-71.100575919999983 42.349496000000045),-71.100575919999983,42.349496000000045
134,M32069,Smith Pl at Wilson Rd,42.392397490000000,-71.150583319999996,Cambridge,Yes,19,POINT (-71.150583319999953 42.392397490000064),-71.150583319999953,42.392397490000064
135,A32006,Soldiers Field Park - 111 Western Ave,42.364263440000002,-71.118275699999998,Boston,Yes,15,POINT (-71.11827569999997 42.364263440000059),-71.118275699999970,42.364263440000059
136,S32001,Somerville City Hall,42.386844000000004,-71.098119999999994,Somerville,Yes,19,POINT (-71.098119999999938 42.386844000000053),-71.098119999999938,42.386844000000053
137,S32036,Somerville City Hall Annex,42.391898120000000,-71.097453759999993,Somerville,Yes,19,POINT (-71.097453759999951 42.391898120000064),-71.097453759999951,42.391898120000064
138,S32048,Somerville High School & Central Library,42.386400000000002,-71.096010000000007,Somerville,Yes,17,POINT (-71.096009999999978 42.386400000000037),-71.096009999999978,42.386400000000037
139,S32020,Somerville Hospital,42.390446220000001,-71.108566220000000,Somerville,Yes,15,POINT (-71.108566219999943 42.390446220000058),-71.108566219999943,42.390446220000058
140,C32017,South Boston Library - 646 E Broadway,42.335740999999999,-71.038770000000000,Boston,Yes,15,POINT (-71.038769999999943 42.335741000000041),-71.038769999999943,42.335741000000041
141,A32009,South End Library - Tremont St at W Newton St,42.341332000000001,-71.076847000000001,Boston,Yes,15,POINT (-71.076846999999987 42.341332000000079),-71.076846999999987,42.341332000000079
142,A32010,South Station - 700 Atlantic Ave,42.352175000000003,-71.055547000000004,Boston,Yes,47,POINT (-71.055546999999933 42.352175000000045),-71.055546999999933,42.352175000000045
143,D32023,Spaulding Rehabilitation Hospital - Charlestown Navy Yard,42.378337999999999,-71.048927000000006,Boston,Yes,19,POINT (-71.048926999999935 42.378338000000042),-71.048926999999935,42.378338000000042
144,C32087,Spring St at Powell St,42.277484440000002,-71.163414680000002,Boston,Yes,19,POINT (-71.16341467999996 42.27748444000008),-71.163414679999960,42.277484440000080
145,K32007,St Mary's,42.346197080000003,-71.107286810000005,Brookline,Yes,15,POINT (-71.107286809999948 42.346197080000024),-71.107286809999948,42.346197080000024
146,B32063,St. Alphonsus St at Tremont St,42.333292550000003,-71.101246480000000,Boston,Yes,18,POINT (-71.101246479999986 42.333292550000067),-71.101246479999986,42.333292550000067
147,C32024,State Street at Channel Center,42.344137000000003,-71.052608000000006,Boston,Yes,19,POINT (-71.052607999999964 42.344137000000046),-71.052607999999964,42.344137000000046
148,D32041,Stony Brook T Stop,42.316966000000001,-71.104374000000007,Boston,Yes,19,POINT (-71.10437399999995 42.316966000000036),-71.104373999999950,42.316966000000036
149,D32049,Stuart St at Berkeley St,42.349544029999997,-71.072420739999998,Boston,Yes,19,POINT (-71.072420739999984 42.349544030000061),-71.072420739999984,42.349544030000061
150,D32011,Stuart St at Charles St,42.351146000000000,-71.066288999999998,Boston,Yes,18,POINT (-71.066288999999983 42.351146000000028),-71.066288999999983,42.351146000000028
151,D32053,Sullivan Square,42.384452260000003,-71.075148549999994,Boston,Yes,19,POINT (-71.075148549999938 42.384452260000046),-71.075148549999938,42.384452260000046
152,R32001,Sumner St at Shirley Ave,42.408337060000001,-70.998048479999994,Revere,Yes,11,POINT (-70.998048479999966 42.408337060000065),-70.998048479999966,42.408337060000065
153,A32013,Surface Rd at India St,42.358154999999996,-71.052162999999993,Boston,Yes,19,POINT (-71.05216299999995 42.358155000000068),-71.052162999999950,42.358155000000068
154,A32042,Surface Rd at Summer St,42.352945699999999,-71.056564010000002,Boston,Yes,27,POINT (-71.056564009999988 42.352945700000078),-71.056564009999988,42.352945700000078
155,V32007,Swan St. Park,42.412504509999998,-71.058422250000007,Everett,Yes,15,POINT (-71.058422249999978 42.412504510000076),-71.058422249999978,42.412504510000076
156,C32064,Sydney St at Carson St,42.320393740000000,-71.053554079999998,Boston,Yes,19,POINT (-71.053554079999969 42.320393740000043),-71.053554079999969,42.320393740000043
157,C32043,Talbot Ave At Blue Hill Ave,42.294583299999999,-71.087110999999993,Boston,Yes,15,POINT (-71.087110999999936 42.294583300000056),-71.087110999999936,42.294583300000056
158,C32110,Talbot Ave T Station,42.292251479999997,-71.077972050000000,Boston,Yes,19,POINT (-71.077972049999971 42.292251480000061),-71.077972049999971,42.292251480000061
159,K32008,Tappan St at Brookline Hills MBTA,42.331370170000000,-71.126883609999993,Brookline,Yes,15,POINT (-71.126883609999936 42.331370170000071),-71.126883609999936,42.331370170000071
160,S32011,Teele Square,42.400879500000002,-71.125907929999997,Somerville,Yes,15,POINT (-71.125907929999983 42.40087950000003),-71.125907929999983,42.400879500000030
161,E32011,The Dimock Center,42.319309429999997,-71.096399239999997,Boston,Yes,16,POINT (-71.096399239999982 42.319309430000033),-71.096399239999982,42.319309430000033
162,A32033,The Eddy - New St at Sumner St,42.370744000000002,-71.044201000000001,Boston,Yes,15,POINT (-71.044200999999987 42.370744000000059),-71.044200999999987,42.370744000000059
163,C32028,The Lawn on D,42.344791999999998,-71.044023999999993,Boston,Yes,19,POINT (-71.044023999999979 42.344792000000041),-71.044023999999979,42.344792000000041
164,D32054,The Overlook at St. Gabriel's,42.346790079999998,-71.145498140000001,Boston,Yes,18,POINT (-71.145498139999972 42.346790080000062),-71.145498139999972,42.346790080000062
165,M32048,Third at Binney,42.365444859999997,-71.082771420000000,Cambridge,Yes,15,POINT (-71.082771419999972 42.365444860000025),-71.082771419999972,42.365444860000025
166,L32005,Thorndike Field at Minuteman Bikeway,42.400168049999998,-71.144569630000007,Arlington,Yes,11,POINT (-71.144569629999978 42.400168050000048),-71.144569629999978,42.400168050000048
167,C32000,Tremont St at E Berkeley St,42.345391999999997,-71.069615999999996,Boston,Yes,19,POINT (-71.06961599999994 42.345392000000061),-71.069615999999940,42.345392000000061
168,B32056,Tremont St at Hamilton Pl,42.356683349999997,-71.061666459999998,Boston,Yes,18,POINT (-71.061666459999969 42.356683350000026),-71.061666459999969,42.356683350000026
169,C32056,Tremont St at Northampton St,42.338431800000002,-71.081690499999993,Boston,Yes,19,POINT (-71.081690499999979 42.33843180000008),-71.081690499999979,42.338431800000080
170,C32060,Tremont St at W. Dedham St,42.342549140000003,-71.074214490000003,Boston,Yes,15,POINT (-71.074214489999974 42.342549140000074),-71.074214489999974,42.342549140000074
171,D32014,Tremont St at West St,42.354979000000000,-71.063348000000005,Boston,Yes,15,POINT (-71.063347999999962 42.354979000000071),-71.063347999999962,42.354979000000071
172,A32058,Tremont St. at Court St.,42.359321999999999,-71.059623999999999,,Yes,19,POINT (-71.059623999999985 42.359322000000077),-71.059623999999985,42.359322000000077
173,C32035,Troy Boston,42.343749000000003,-71.062256000000005,Boston,Yes,5,POINT (-71.062255999999934 42.343749000000059),-71.062255999999934,42.343749000000059
174,S32042,Trum Field @ Cedar St (Temp Winter Station),42.398443999999998,-71.107832999999999,Somerville,Yes,19,POINT (-71.107832999999971 42.39844400000004),-71.107832999999971,42.398444000000040
175,F32003,Tufts Sq - Main St at Medford St,42.401696999999999,-71.106127999999998,Medford,Yes,11,POINT (-71.106127999999956 42.40169700000007),-71.106127999999956,42.401697000000070
176,A32001,Union Square - Brighton Ave at Cambridge St,42.353333999999997,-71.137313000000006,Boston,Yes,19,POINT (-71.137312999999949 42.353334000000075),-71.137312999999949,42.353334000000075
177,S32002,Union Square - Somerville,42.379647900000002,-71.095404759999994,Somerville,Yes,19,POINT (-71.095404759999951 42.379647900000066),-71.095404759999951,42.379647900000066
178,S32041,Union Square East,42.380077999999997,-71.090097999999998,Somerville,Yes,19,POINT (-71.090097999999955 42.380078000000026),-71.090097999999955,42.380078000000026
179,C32014,University of Massachusetts Boston - Campus Center,42.312189179999997,-71.036485859999999,Boston,Yes,19,POINT (-71.036485859999971 42.312189180000075),-71.036485859999971,42.312189180000075
180,M32040,University Park,42.362647789999997,-71.100060940000006,Cambridge,Yes,19,POINT (-71.100060939999935 42.36264779000004),-71.100060939999935,42.362647790000040
181,A32053,Valenti Way at Haverhill St,42.364738989999999,-71.059349030000007,Boston,Yes,24,POINT (-71.059349029999964 42.364738990000035),-71.059349029999964,42.364738990000035
182,M32057,Vassal Lane at Tobin/VLUS,42.385367649999999,-71.137756710000005,Cambridge,Yes,19,POINT (-71.137756709999962 42.385367650000035),-71.137756709999962,42.385367650000035
183,M32050,Verizon Innovation Hub 10 Ware Street,42.372508650000000,-71.113053559999997,Cambridge,Yes,19,POINT (-71.113053559999969 42.372508650000043),-71.113053559999969,42.372508650000043
184,T32017,Vinnin Square,42.486287849999997,-70.901667329999995,Salem,Yes,11,POINT (-70.901667329999952 42.486287850000053),-70.901667329999952,42.486287850000053
185,C32029,W Broadway at D St,42.339108500000002,-71.051443199999994,Boston,Yes,20,POINT (-71.051443199999937 42.339108500000066),-71.051443199999937,42.339108500000066
186,C32016,W Broadway at Dorchester St,42.335958980000001,-71.046228999999997,Boston,Yes,17,POINT (-71.046228999999983 42.335958980000044),-71.046228999999983,42.335958980000044
187,C32102,Walnut Ave at School St,42.312423989999999,-71.096169050000000,Boston,Yes,19,POINT (-71.096169049999958 42.31242399000007),-71.096169049999958,42.312423990000070
188,D32021,Warren St at Chelsea St,42.371848000000000,-71.060292000000004,Boston,Yes,23,POINT (-71.060291999999947 42.371848000000057),-71.060291999999947,42.371848000000057
189,K32011,Washington Sq,42.339858270000001,-71.134211710000002,Brookline,Yes,15,POINT (-71.134211709999988 42.339858270000036),-71.134211709999988,42.339858270000036
190,S32043,Washington St @ New Washington St (Temp Winter Station),42.381037319999997,-71.087097790000001,Somerville,Yes,15,POINT (-71.087097789999973 42.381037320000075),-71.087097789999973,42.381037320000075
191,D32029,Washington St at Brock St,42.348952850000003,-71.160316769999994,Boston,Yes,15,POINT (-71.160316769999952 42.348952850000046),-71.160316769999952,42.348952850000046
192,N32001,Washington St at Crafts St,42.353890239999998,-71.199437070000002,Newton,Yes,11,POINT (-71.199437069999988 42.353890240000055),-71.199437069999988,42.353890240000055
193,C32005,Washington St at Lenox St,42.335098989999999,-71.079037790000001,Boston,Yes,15,POINT (-71.079037789999973 42.335098990000063),-71.079037789999973,42.335098990000063
194,B32026,Washington St at Melnea Cass Blvd,42.332816999999999,-71.081198000000001,Boston,Yes,19,POINT (-71.081197999999972 42.332817000000034),-71.081197999999972,42.332817000000034
195,C32006,Washington St at Rutland St,42.338514600000003,-71.074040830000001,Boston,Yes,27,POINT (-71.074040829999944 42.338514600000053),-71.074040829999944,42.338514600000053
196,C32038,Washington St at Talbot Ave,42.290332999999997,-71.071805999999995,Boston,Yes,17,POINT (-71.071805999999981 42.290333000000032),-71.071805999999981,42.290333000000032
197,N32014,Washington St at Walnut St,42.351458119999997,-71.207649709999998,Newton,Yes,11,POINT (-71.207649709999941 42.351458120000075),-71.207649709999941,42.351458120000075
198,D32002,Washington St at Waltham St,42.341574719999997,-71.068904399999994,Boston,Yes,15,POINT (-71.068904399999951 42.34157472000004),-71.068904399999951,42.341574720000040
199,C32034,Watermark Seaport - Boston Wharf Rd at Seaport Blvd,42.351585999999998,-71.045692560000006,Boston,Yes,15,POINT (-71.045692559999964 42.351586000000054),-71.045692559999964,42.351586000000054
200,W32005,Watertown City Hall,42.367593079999999,-71.187514359999994,Watertown,Yes,11,POINT (-71.187514359999966 42.367593080000063),-71.187514359999966,42.367593080000063
201,W32002,Watertown Sq,42.365260319999997,-71.185733240000005,Watertown,Yes,15,POINT (-71.185733239999934 42.365260320000061),-71.185733239999934,42.365260320000061
202,N32006,Watertown St at Albemarle Rd,42.354104079999999,-71.213822140000005,Newton,Yes,11,POINT (-71.213822139999934 42.35410408000007),-71.213822139999934,42.354104080000070
203,V32014,Wellington MBTA,42.402368199999998,-71.075731820000001,Everett,Yes,19,POINT (-71.075731819999987 42.402368200000069),-71.075731819999987,42.402368200000069
204,B32021,Wentworth Institute of Technology - Huntington Ave at Vancouver St,42.337586010000003,-71.096270980000000,Boston,Yes,12,POINT (-71.096270979999986 42.337586010000052),-71.096270979999986,42.337586010000052
205,D32022,West End Park,42.365907880000002,-71.064466690000003,Boston,Yes,35,POINT (-71.064466689999961 42.365907880000066),-71.064466689999961,42.365907880000066
206,N32005,West Newton,42.349600500000001,-71.226274970000006,Newton,Yes,15,POINT (-71.226274969999963 42.349600500000065),-71.226274969999963,42.349600500000065
207,B32059,Whittier St Health Center,42.332862880000000,-71.092188620000002,Boston,Yes,19,POINT (-71.092188619999945 42.33286288000005),-71.092188619999945,42.332862880000050
208,D32040,Williams St at Washington St,42.306539000000001,-71.107669000000001,Boston,Yes,23,POINT (-71.107668999999987 42.306539000000043),-71.107668999999987,42.306539000000043
209,S32005,Wilson Square,42.385675790000001,-71.114121359999999,Somerville,Yes,15,POINT (-71.114121359999956 42.38567579000005),-71.114121359999956,42.385675790000050
210,B32005,Christian Science Plaza - Massachusetts Ave at Westland Ave,42.343665819999998,-71.085823770000005,Boston,Yes,19,POINT (-71.085823769999934 42.343665820000069),-71.085823769999934,42.343665820000069
211,M32087,Church St,42.374339249999998,-71.119664310000005,Cambridge,Yes,15,POINT (-71.119664309999962 42.374339250000048),-71.119664309999962,42.374339250000048
212,C32099,Circuit Drive at American Legion Hwy,42.297041260000000,-71.091719269999999,Boston,Yes,19,POINT (-71.091719269999942 42.297041260000071),-71.091719269999942,42.297041260000071
213,S32010,Clarendon Hill at Broadway,42.406301999999997,-71.132446000000002,Somerville,Yes,15,POINT (-71.132445999999959 42.406302000000039),-71.132445999999959,42.406302000000039
214,C32104,Cleary Sq,42.255600000000001,-71.124440000000007,Boston,Yes,16,POINT (-71.124439999999936 42.255600000000072),-71.124439999999936,42.255600000000072
215,B32035,Cleveland Circle,42.335543080000001,-71.150615200000004,Boston,Yes,15,POINT (-71.150615199999947 42.335543080000036),-71.150615199999947,42.335543080000036
216,D32057,Clinton St at North St,42.360702840000002,-71.055249270000004,Boston,Yes,18,POINT (-71.055249269999933 42.360702840000044),-71.055249269999933,42.360702840000044
217,C32055,Codman Square Library,42.287361099999998,-71.071111000000002,Boston,Yes,17,POINT (-71.071110999999974 42.287361100000055),-71.071110999999974,42.287361100000055
218,B32006,Colleges of the Fenway - Fenway at Avenue Louis Pasteur,42.340115120000000,-71.100618839999996,Boston,Yes,14,POINT (-71.100618839999981 42.340115120000064),-71.100618839999981,42.340115120000064
219,B32029,Columbia Rd at Ceylon St,42.309572000000003,-71.072900000000004,Boston,Yes,15,POINT (-71.072899999999947 42.30957200000006),-71.072899999999947,42.309572000000060
220,C32052,Columbia Rd at Tierney Community Center,42.330230710000002,-71.050600930000002,Boston,Yes,19,POINT (-71.050600929999973 42.33023071000008),-71.050600929999973,42.330230710000080
221,C32077,Columbus Ave at W. Canton St,42.344742250000003,-71.076481619999996,Boston,Yes,19,POINT (-71.076481619999981 42.344742250000024),-71.076481619999981,42.344742250000024
222,A32002,Commonwealth Ave at Agganis Way,42.351692020000002,-71.119034889999995,Boston,Yes,15,POINT (-71.119034889999966 42.35169202000003),-71.119034889999966,42.351692020000030
223,K32006,Commonwealth Ave At Babcock St,42.351547349999997,-71.121262459999997,Brookline,Yes,15,POINT (-71.121262459999969 42.351547350000033),-71.121262459999969,42.351547350000033
224,D32033,Commonwealth Ave at Chiswick Rd,42.340246450000002,-71.151688059999998,Boston,Yes,19,POINT (-71.151688059999969 42.340246450000052),-71.151688059999969,42.340246450000052
225,A32017,Commonwealth Ave at Griggs St,42.349224690000000,-71.132753030000003,Boston,Yes,15,POINT (-71.132753029999947 42.349224690000028),-71.132753029999947,42.349224690000028
226,D32034,Commonwealth Ave at Kelton St,42.348358630000000,-71.139972169999993,Boston,Yes,15,POINT (-71.139972169999965 42.348358630000064),-71.139972169999965,42.348358630000064
227,T32013,Community Life Center,42.520136000000001,-70.906271000000004,Salem,Yes,9,POINT (-70.906270999999947 42.520136000000036),-70.906270999999947,42.520136000000036
228,S32022,Community Path at Cedar Street,42.394072240000000,-71.111336949999995,Somerville,Yes,15,POINT (-71.111336949999952 42.394072240000071),-71.111336949999952,42.394072240000071
229,S32040,Community Path at Lowell St,42.392524999999999,-71.105587000000000,Somerville,Yes,19,POINT (-71.105586999999957 42.392525000000035),-71.105586999999957,42.392525000000035
230,M32074,Concord Ave at Spinelli Place,42.390718999999997,-71.153887699999999,Cambridge,Yes,19,POINT (-71.153887699999984 42.390719000000047),-71.153887699999984,42.390719000000047
231,D32009,Congress St at Boston City Hall,42.360417750000003,-71.057522440000000,Boston,Yes,23,POINT (-71.057522439999957 42.360417750000067),-71.057522439999957,42.360417750000067
232,C32032,Congress St at Northern Ave,42.348100000000002,-71.037639999999996,Boston,Yes,15,POINT (-71.037639999999953 42.348100000000045),-71.037639999999953,42.348100000000045
233,S32004,Conway Park - Somerville Avenue,42.383638949999998,-71.108536720000004,Somerville,Yes,23,POINT (-71.108536719999961 42.383638950000034),-71.108536719999961,42.383638950000034
234,S32045,Conway Park @ Bleachery Ct (Temp Winter Station),42.383457499999999,-71.107710600000004,Somerville,Yes,19,POINT (-71.107710599999962 42.383457500000077),-71.107710599999962,42.383457500000077
235,K32001,Coolidge Corner - Beacon St at Centre St,42.341597999999998,-71.123338000000004,Brookline,Yes,19,POINT (-71.123337999999933 42.341598000000033),-71.123337999999933,42.341598000000033
236,W32001,Coolidge Sq.,42.372076110000002,-71.156831310000001,Watertown,Yes,12,POINT (-71.156831309999973 42.37207611000008),-71.156831309999973,42.372076110000080
237,D32005,Copley Square - Dartmouth St at Boylston St,42.349928280000000,-71.077392070000002,Boston,Yes,28,POINT (-71.077392069999974 42.349928280000029),-71.077392069999974,42.349928280000029
238,D32010,Cross St at Hanover St,42.362811000000001,-71.056066999999999,Boston,Yes,19,POINT (-71.056066999999985 42.362811000000079),-71.056066999999985,42.362811000000079
239,Z32999,Cummins Highway at Blue Hill Ave T Stop,42.269988470000001,-71.097461830000000,Boston,Yes,14,POINT (-71.097461829999986 42.269988470000044),-71.097461829999986,42.269988470000044
240,E32001,Curtis Hall - South St at Centre St,42.309054000000003,-71.115430000000003,Boston,Yes,15,POINT (-71.115429999999947 42.30905400000006),-71.115429999999947,42.309054000000060
241,K32009,Cypress St at Clark Playground,42.327843170000001,-71.125362220000000,Brookline,Yes,15,POINT (-71.125362219999943 42.327843170000051),-71.125362219999943,42.327843170000051
242,M32030,Dana Park,42.361780439999997,-71.108099519999996,Cambridge,Yes,19,POINT (-71.108099519999939 42.361780440000075),-71.108099519999939,42.361780440000075
243,M32031,Danehy Park,42.388966000000003,-71.132788000000005,Cambridge,Yes,17,POINT (-71.132787999999948 42.388966000000039),-71.132787999999948,42.388966000000039
244,M32075,Danehy Park at New Street,42.389456000000003,-71.139019000000005,Cambridge,Yes,19,POINT (-71.139018999999962 42.389456000000052),-71.139018999999962,42.389456000000052
245,D32045,Dartmouth St at Newbury St,42.350961439999999,-71.077828109999999,Boston,Yes,19,POINT (-71.077828109999984 42.350961440000049),-71.077828109999984,42.350961440000049
246,S32006,Davis Square,42.396968999999999,-71.123024000000001,Somerville,Yes,25,POINT (-71.123023999999987 42.39696900000007),-71.123023999999987,42.396969000000070
247,A32051,Day Sq,42.379294999999999,-71.027732999999998,Boston,Yes,16,POINT (-71.027732999999955 42.37929500000007),-71.027732999999955,42.379295000000070
248,B32037,Deerfield St at Commonwealth Ave,42.349243770000001,-71.097282100000001,Boston,Yes,19,POINT (-71.097282099999973 42.349243770000044),-71.097282099999973,42.349243770000044
249,T32018,Derby Street,42.520096180000003,-70.891390439999995,Salem,Yes,11,POINT (-70.891390439999952 42.520096180000053),-70.891390439999952,42.520096180000053
250,M32066,Discovery Park - 30 Acorn Park Drive,42.397908170000001,-71.147971310000003,Cambridge,Yes,23,POINT (-71.147971309999946 42.397908170000051),-71.147971309999946,42.397908170000051
251,C32009,Dorchester Ave at Gillette Park,42.344040509999999,-71.057376270000006,Boston,Yes,15,POINT (-71.057376269999963 42.34404051000007),-71.057376269999963,42.344040510000070
252,C32066,Dorchester Ave at King St,42.291718000000003,-71.062571000000005,Boston,Yes,15,POINT (-71.062570999999934 42.29171800000006),-71.062570999999934,42.291718000000060
253,B32017,Dudley Square - Bolling Building,42.329842990000003,-71.083865720000006,Boston,Yes,0,POINT (-71.083865719999949 42.329842990000031),-71.083865719999949,42.329842990000031
254,C32015,Dudley Town Common - Mt Pleasant Ave at Blue Hill Ave,42.325333000000001,-71.075354000000004,Boston,Yes,15,POINT (-71.075353999999948 42.325333000000057),-71.075353999999948,42.325333000000057
255,A32031,East Boston Neighborhood Health Center - 20 Maverick Square,42.369535999999997,-71.039430999999993,Boston,Yes,16,POINT (-71.039430999999979 42.369536000000039),-71.039430999999979,42.369536000000039
256,S32017,East Somerville Library (Broadway and Illinois),42.387628110000001,-71.083187159999994,Somerville,Yes,15,POINT (-71.083187159999966 42.387628110000037),-71.083187159999966,42.387628110000037
257,S32038,Edgerly Education Center,42.387174629999997,-71.087143889999993,Somerville,Yes,15,POINT (-71.087143889999936 42.387174630000061),-71.087143889999936,42.387174630000061
258,A32022,Edwards Playground - Main St at Eden St,42.378965000000001,-71.068607000000000,Boston,Yes,19,POINT (-71.068606999999986 42.378965000000051),-71.068606999999986,42.378965000000051
259,M32034,EF - North Point Park,42.369884999999996,-71.069957000000002,Cambridge,Yes,23,POINT (-71.069956999999988 42.369885000000068),-71.069956999999988,42.369885000000068
260,E32004,Egleston Square - Atherton St at Washington St,42.315691999999999,-71.098634000000004,Boston,Yes,15,POINT (-71.098633999999947 42.31569200000007),-71.098633999999947,42.315692000000070
261,V32005,Encore,42.393292629999998,-71.072447600000004,Everett,Yes,15,POINT (-71.072447599999975 42.393292630000076),-71.072447599999975,42.393292630000076
262,T32011,Essex St at Dalton Parkway,42.516222999999997,-70.905535000000000,Salem,Yes,11,POINT (-70.905534999999986 42.516223000000025),-70.905534999999986,42.516223000000025
263,V32003,Everett Square (Broadway at Chelsea St),42.407016020000000,-71.056450010000006,Everett,Yes,14,POINT (-71.056450009999935 42.407016020000071),-71.056450009999935,42.407016020000071
264,A32000,Fan Pier,42.353390509999997,-71.044571399999995,Boston,Yes,15,POINT (-71.044571399999938 42.353390510000054),-71.044571399999938,42.353390510000054
265,C32051,Farragut Rd at E. 6th St,42.333399999999997,-71.024950000000004,Boston,Yes,23,POINT (-71.024949999999933 42.33340000000004),-71.024949999999933,42.333400000000040
266,C32041,Fields Corner T Stop,42.299633489999998,-71.060689760000002,Boston,Yes,15,POINT (-71.060689759999946 42.299633490000076),-71.060689759999946,42.299633490000076
267,B32064,Flat 9 at Whittier,42.334203510000002,-71.087676169999995,Boston,Yes,15,POINT (-71.087676169999952 42.334203510000066),-71.087676169999952,42.334203510000066
268,S32047,Foley St at Grand Union Blvd,42.393018400000003,-71.080716850000002,Somerville,Yes,19,POINT (-71.080716849999988 42.393018400000074),-71.080716849999988,42.393018400000074
269,E32010,Forest Hills,42.300922999999997,-71.114249000000001,Boston,Yes,40,POINT (-71.114248999999973 42.300923000000068),-71.114248999999973,42.300923000000068
270,T32010,Forest River Park,42.506394999999998,-70.886930000000007,Salem,Yes,11,POINT (-70.88692999999995 42.506395000000055),-70.886929999999950,42.506395000000055
271,B32062,Forsyth St at Huntington Ave,42.339202000000000,-71.090511000000006,Boston,Yes,15,POINT (-71.090510999999935 42.339202000000057),-71.090510999999935,42.339202000000057
272,S32015,Foss Park,42.391084380000002,-71.090394259999997,Somerville,Yes,15,POINT (-71.090394259999982 42.391084380000052),-71.090394259999982,42.391084380000052
273,C32037,Four Corners - 157 Washington St,42.304127930000000,-71.079295279999997,Boston,Yes,11,POINT (-71.07929527999994 42.30412793000005),-71.079295279999940,42.304127930000050
274,C32111,Four Corners/Geneva T Stop,42.303215350000002,-71.078209880000003,Boston,Yes,15,POINT (-71.078209879999974 42.303215350000073),-71.078209879999974,42.303215350000073
275,C32027,Franklin Park - Seaver St at Humboldt Ave,42.309795999999999,-71.092224999999999,Boston,Yes,15,POINT (-71.092224999999985 42.309796000000063),-71.092224999999985,42.309796000000063
276,C32030,Franklin Park Zoo - Franklin Park Rd at Blue Hill Ave,42.303469000000000,-71.085346999999999,Boston,Yes,14,POINT (-71.085346999999956 42.303469000000064),-71.085346999999956,42.303469000000064
277,M32051,Fresh Pond Reservation,42.382678280000000,-71.143478950000002,Cambridge,Yes,17,POINT (-71.143478949999974 42.38267828000005),-71.143478949999974,42.382678280000050
278,M32078,Galileo Galilei Way at Fulkerson St/Binney St,42.366420400000003,-71.088541800000002,Cambridge,Yes,19,POINT (-71.088541799999973 42.366420400000038),-71.088541799999973,42.366420400000038
279,M32072,Galileo Galilei Way at Main Street,42.363003780000000,-71.089740379999995,Cambridge,Yes,19,POINT (-71.089740379999967 42.363003780000042),-71.089740379999967,42.363003780000042
280,C32040,Gallivan Blvd at Adams St,42.282975680000000,-71.054666979999993,Boston,Yes,15,POINT (-71.054666979999979 42.28297568000005),-71.054666979999979,42.282975680000050
281,C32090,Geiger Gibson Community Health Center,42.318864679999997,-71.045367979999995,Boston,Yes,19,POINT (-71.04536797999998 42.318864680000047),-71.045367979999980,42.318864680000047
282,S32046,Gilman Square T at Medford St,42.386735500000000,-71.094644400000007,Somerville,Yes,19,POINT (-71.094644399999936 42.386735500000043),-71.094644399999936,42.386735500000043
283,V32006,Glendale Square (Ferry St at Broadway),42.414272939999996,-71.044796559999995,Everett,Yes,15,POINT (-71.044796559999952 42.414272940000046),-71.044796559999952,42.414272940000046
284,T32014,Goodhue St at Grove St,42.520896999999998,-70.910527999999999,Salem,Yes,11,POINT (-70.910527999999942 42.520897000000048),-70.910527999999942,42.520897000000048
285,M32081,Gore Street at Lambert Street,42.373079799999999,-71.086342340000002,Cambridge,Yes,19,POINT (-71.086342339999987 42.373079800000028),-71.086342339999987,42.373079800000028
286,A32049,Gove St at Orleans St,42.370577529999998,-71.035585400000002,Boston,Yes,19,POINT (-71.035585399999945 42.370577530000048),-71.035585399999945,42.370577530000048
287,B32032,Government Center - Cambridge St at Court St,42.359825399999998,-71.059795760000000,Boston,Yes,35,POINT (-71.059795759999986 42.359825400000034),-71.059795759999986,42.359825400000034
288,M32068,Graham and Parks School ? Linnaean St at Walker St,42.382944299999998,-71.124498310000007,Cambridge,Yes,18,POINT (-71.124498309999979 42.382944300000077),-71.124498309999979,42.382944300000077
289,V32015,Gramsdorf Playground,42.408155999999998,-71.042900000000003,Everett,Yes,14,POINT (-71.042899999999975 42.408156000000076),-71.042899999999975,42.408156000000076
290,E32005,Green Street T Stop - Green St at Amory St,42.310578999999997,-71.107341000000005,Boston,Yes,23,POINT (-71.107340999999963 42.310579000000075),-71.107340999999963,42.310579000000075
291,B32028,Grove Hall Library - 41 Geneva Ave,42.307910000000000,-71.080951999999996,Boston,Yes,15,POINT (-71.080951999999968 42.307910000000049),-71.080951999999968,42.307910000000049
292,S32019,Grove St at Community Path,42.396386810000003,-71.120113059999994,Somerville,Yes,15,POINT (-71.120113059999937 42.396386810000081),-71.120113059999937,42.396386810000081
293,F32005,Haines Square,42.423331370000000,-71.091245409999999,Medford,Yes,11,POINT (-71.091245409999942 42.423331370000028),-71.091245409999942,42.423331370000028
294,V32012,Hale Park,42.415327099999999,-71.052818299999998,Everett,Yes,11,POINT (-71.052818299999956 42.41532710000007),-71.052818299999956,42.415327100000070
295,C32113,Hancock St at Pleasant St,42.309819249999997,-71.060199380000000,,Yes,19,POINT (-71.060199379999972 42.309819250000032),-71.060199379999972,42.309819250000032
296,F32004,Harris Park,42.410818370000001,-71.081528660000004,Medford,Yes,11,POINT (-71.081528659999947 42.410818370000072),-71.081528659999947,42.410818370000072
297,D32043,Harrison Ave at Bennet St,42.349426100000002,-71.062099599999996,Boston,Yes,17,POINT (-71.062099599999954 42.349426100000073),-71.062099599999954,42.349426100000073
298,C32093,Harrison Ave at E. Dedham St,42.339193999999999,-71.069749999999999,Boston,Yes,19,POINT (-71.069749999999942 42.339194000000077),-71.069749999999942,42.339194000000077
299,C32057,Harrison Ave at Mullins Way,42.345215619999998,-71.063840310000003,Boston,Yes,19,POINT (-71.063840309999989 42.345215620000033),-71.063840309999989,42.345215620000033
300,D32035,Harvard Ave at Brainerd Rd,42.349530170000001,-71.130227710000000,Boston,Yes,15,POINT (-71.130227709999986 42.349530170000037),-71.130227709999986,42.349530170000037
301,M32016,Harvard Kennedy School at Bennett St / Eliot St,42.372216799999997,-71.121880709999999,Cambridge,Yes,23,POINT (-71.121880709999971 42.372216800000047),-71.121880709999971,42.372216800000047
302,M32020,Harvard Law School at Mass Ave / Jarvis St,42.379010999999998,-71.119945000000001,Cambridge,Yes,19,POINT (-71.119944999999973 42.379011000000048),-71.119944999999973,42.379011000000048
303,M32017,Harvard Square at Brattle St / Eliot St,42.373328800000003,-71.120986009999996,Cambridge,Yes,15,POINT (-71.120986009999967 42.373328800000024),-71.120986009999967,42.373328800000024
304,M32018,Harvard Square at Mass Ave/ Dunster,42.373268000000003,-71.118578999999997,Cambridge,Yes,19,POINT (-71.118578999999954 42.373268000000053),-71.118578999999954,42.373268000000053
305,K32017,Harvard St and Stedman St,42.344351760000002,-71.124903560000007,Brookline,Yes,15,POINT (-71.12490355999995 42.344351760000052),-71.124903559999950,42.344351760000052
306,M32055,Harvard St at Greene-Rose Heritage Park,42.365994329999999,-71.095222219999997,Cambridge,Yes,19,POINT (-71.095222219999982 42.365994330000035),-71.095222219999982,42.365994330000035
307,A32052,Harvard Stadium: N. Harvard St at Soldiers Field Rd,42.368018999999997,-71.124200000000002,Boston,Yes,15,POINT (-71.124199999999973 42.368019000000061),-71.124199999999973,42.368019000000061
308,M32023,Harvard University / SEAS Cruft-Pierce Halls at 29 Oxford St,42.377944999999997,-71.116865000000004,Cambridge,Yes,17,POINT (-71.116864999999962 42.377945000000068),-71.116864999999962,42.377945000000068
309,M32021,Harvard University Gund Hall at Quincy St / Kirkland St,42.376368999999997,-71.114024999999998,Cambridge,Yes,15,POINT (-71.11402499999997 42.376369000000068),-71.114024999999970,42.376369000000068
310,M32014,Harvard University Housing - 115 Putnam Ave at Peabody Terrace,42.366621000000002,-71.114214000000004,Cambridge,Yes,15,POINT (-71.114213999999947 42.366621000000066),-71.114213999999947,42.366621000000066
311,M32024,Harvard University Radcliffe Quadrangle at Shepard St / Garden St,42.380287000000003,-71.125107000000000,Cambridge,Yes,19,POINT (-71.125106999999957 42.380287000000067),-71.125106999999957,42.380287000000067
312,M32038,Harvard University River Houses at DeWolfe St / Cowperthwaite St,42.369239069999999,-71.116870340000006,Cambridge,Yes,21,POINT (-71.116870339999934 42.369239070000049),-71.116870339999934,42.369239070000049
313,T32008,Hawthorne Boulevard,42.522371399999997,-70.890333100000007,Salem,Yes,9,POINT (-70.890333099999964 42.522371400000054),-70.890333099999964,42.522371400000054
314,K32010,High St at Cypress St,42.324645109999999,-71.121352310000006,Brookline,Yes,15,POINT (-71.121352309999963 42.324645110000063),-71.121352309999963,42.324645110000063
315,B32003,HMS/HSPH - Avenue Louis Pasteur at Longwood Ave,42.337417479999999,-71.102861169999997,Boston,Yes,25,POINT (-71.102861169999983 42.337417480000056),-71.102861169999983,42.337417480000056
316,A32040,Honan Library,42.360273700000000,-71.128524519999999,Boston,Yes,15,POINT (-71.128524519999985 42.36027370000005),-71.128524519999985,42.360273700000050
317,D32060,Hood Park,42.380045350000003,-71.073045730000004,Boston,Yes,23,POINT (-71.073045729999933 42.380045350000046),-71.073045729999933,42.380045350000046
318,F32006,Hormel Stadium,42.407216439999999,-71.096515060000002,Medford,Yes,11,POINT (-71.096515059999945 42.40721644000007),-71.096515059999945,42.407216440000070
319,B32033,Huntington Ave at Mass Art,42.336585550000002,-71.098869960000002,Boston,Yes,15,POINT (-71.098869959999945 42.336585550000052),-71.098869959999945,42.336585550000052
320,M32044,Huron Ave At Vassal Lane,42.381650610000001,-71.134269810000006,Cambridge,Yes,19,POINT (-71.134269809999978 42.381650610000065),-71.134269809999978,42.381650610000065
321,C32089,Hyde Park Ave at Walk Hill St,42.296067049999998,-71.116011999999998,Boston,Yes,15,POINT (-71.116011999999955 42.296067050000033),-71.116011999999955,42.296067050000033
322,E32013,Hyde Park Library,42.256837599999997,-71.122508999999994,Boston,Yes,15,POINT (-71.12250899999998 42.25683760000004),-71.122508999999980,42.256837600000040
323,E32003,Hyde Square - Barbara St at Centre St,42.321765259999999,-71.109841610000004,Boston,Yes,15,POINT (-71.109841609999933 42.321765260000063),-71.109841609999933,42.321765260000063
324,C32020,ID Building East,42.344827000000002,-71.028664000000006,Boston,Yes,17,POINT (-71.028663999999935 42.344827000000066),-71.028663999999935,42.344827000000066
325,C32021,ID Building West,42.344796000000002,-71.031614000000005,Boston,Yes,19,POINT (-71.031613999999934 42.344796000000031),-71.031613999999934,42.344796000000031
326,C32025,Ink Block - Harrison Ave at Herald St,42.345900999999998,-71.063186999999999,Boston,Yes,25,POINT (-71.063186999999971 42.345901000000026),-71.063186999999971,42.345901000000026
327,M32062,Inman Square at Springfield St.,42.374267140000001,-71.100264789999997,Cambridge,Yes,25,POINT (-71.100264789999983 42.374267140000029),-71.100264789999983,42.374267140000029
328,A32011,Innovation Lab - 125 Western Ave at Batten Way,42.363712759999999,-71.124597789999996,Boston,Yes,19,POINT (-71.124597789999939 42.363712760000055),-71.124597789999939,42.363712760000055
329,E32006,Jackson Square T Stop,42.322931169999997,-71.100141410000006,Boston,Yes,18,POINT (-71.100141409999935 42.322931170000061),-71.100141409999935,42.322931170000061
330,D32052,Jamaica St at South St,42.306045630000000,-71.115708909999995,Boston,Yes,19,POINT (-71.115708909999967 42.306045630000028),-71.115708909999967,42.306045630000028
331,K32004,JFK Crossing at Harvard St. / Thorndike St.,42.346551239999997,-71.128332110000002,Brookline,Yes,15,POINT (-71.128332109999974 42.346551240000053),-71.128332109999974,42.346551240000053
332,C32013,JFK/UMass T Stop,42.320339740000001,-71.051180360000004,Boston,Yes,31,POINT (-71.051180359999933 42.320339740000065),-71.051180359999933,42.320339740000065
333,M32083,John Ahern Field at Kennedy-Longfellow School,42.369035670000002,-71.086309600000007,Cambridge,Yes,19,POINT (-71.086309599999936 42.369035670000073),-71.086309599999936,42.369035670000073
334,V32013,Kearins Playground,42.406161240000003,-71.060416549999999,Everett,Yes,11,POINT (-71.060416549999957 42.406161240000074),-71.060416549999957,42.406161240000074
335,M32032,Kendall Street,42.363560159999999,-71.082167920000003,Cambridge,Yes,17,POINT (-71.082167919999961 42.363560160000077),-71.082167919999961,42.363560160000077
336,M32004,Kendall T,42.362427840000002,-71.084954740000001,Cambridge,Yes,23,POINT (-71.084954739999944 42.362427840000066),-71.084954739999944,42.362427840000066
337,B32010,Kenmore Square,42.348706000000000,-71.097009000000000,Boston,Yes,26,POINT (-71.097008999999957 42.34870600000005),-71.097008999999957,42.348706000000050
338,M32065,Kennedy-Longfellow School 158 Spring St,42.369552980000002,-71.085790149999994,Cambridge,Yes,19,POINT (-71.08579014999998 42.369552980000037),-71.085790149999980,42.369552980000037
339,T32006,Lafayette at Leach St,42.511427840000003,-70.891833009999999,Salem,Yes,11,POINT (-70.891833009999971 42.511427840000067),-70.891833009999971,42.511427840000067
340,M32009,Lafayette Square at Mass Ave / Main St / Columbia St,42.363464690000001,-71.100573240000003,Cambridge,Yes,15,POINT (-71.10057323999996 42.363464690000058),-71.100573239999960,42.363464690000058
341,B32015,Landmark Center - Brookline Ave at Park Dr,42.343690559999999,-71.102352870000004,Boston,Yes,15,POINT (-71.102352869999947 42.343690560000027),-71.102352869999947,42.343690560000027
342,N32008,Langley Lot,42.330528000000001,-71.192860999999994,Newton,Yes,11,POINT (-71.192860999999937 42.330528000000072),-71.192860999999937,42.330528000000072
343,B32058,Lansdowne T Stop,42.347344730000003,-71.100168080000003,Boston,Yes,27,POINT (-71.100168079999946 42.347344730000032),-71.100168079999946,42.347344730000032
344,D32061,Lenox St at Kendall St,42.337594850000002,-71.082550589999997,Boston,Yes,17,POINT (-71.082550589999983 42.337594850000073),-71.082550589999983,42.337594850000073
345,M32039,Lesley University,42.386748019999999,-71.119018789999998,Cambridge,Yes,15,POINT (-71.119018789999984 42.386748020000027),-71.119018789999984,42.386748020000027
346,A32057,Lewis Mall Wharf,42.365678709999997,-71.040301319999998,Boston,Yes,21,POINT (-71.040301319999969 42.365678710000054),-71.040301319999969,42.365678710000054
347,D32006,Lewis Wharf at Atlantic Ave,42.363871000000003,-71.050877000000000,Boston,Yes,19,POINT (-71.050876999999957 42.363871000000074),-71.050876999999957,42.363871000000074
348,M32025,Linear Park - Mass. Ave. at Cameron Ave.,42.397827999999997,-71.130516000000000,Cambridge,Yes,19,POINT (-71.130515999999943 42.397828000000061),-71.130515999999943,42.397828000000061
349,L32002,Linwood St at Minuteman Bikeway,42.409353959999997,-71.149065190000002,Arlington,Yes,11,POINT (-71.149065189999988 42.409353960000033),-71.149065189999988,42.409353960000033
350,A32004,Longwood Ave at Binney St,42.338628999999997,-71.106499999999997,Boston,Yes,15,POINT (-71.106499999999983 42.338629000000026),-71.106499999999983,42.338629000000026
351,M32022,Lower Cambridgeport at Magazine St / Riverside Rd,42.357218500000002,-71.113871630000006,Cambridge,Yes,19,POINT (-71.113871629999949 42.357218500000045),-71.113871629999949,42.357218500000045
352,S32013,Magoun Square at Trum Field,42.397783400000002,-71.105940039999993,Somerville,Yes,19,POINT (-71.10594003999995 42.397783400000037),-71.105940039999950,42.397783400000037
353,D32020,Main St at Austin St,42.375602999999998,-71.064608000000007,Boston,Yes,11,POINT (-71.064607999999964 42.375603000000069),-71.064607999999964,42.375603000000069
354,D32036,Main St at Baldwin St,42.380856999999999,-71.070628999999997,Boston,Yes,19,POINT (-71.07062899999994 42.380857000000049),-71.070628999999940,42.380857000000049
355,F32001,Main St at Brooks Park,42.411709000000002,-71.110444000000001,Medford,Yes,11,POINT (-71.110443999999973 42.41170900000003),-71.110443999999973,42.411709000000030
356,D32038,Main St at Thompson Sq,42.374878469999999,-71.063834990000004,Boston,Yes,15,POINT (-71.063834989999975 42.374878470000056),-71.063834989999975,42.374878470000056
357,M32080,Main Street/Albany Street/Technology Square,42.362901600000001,-71.091566900000004,Cambridge,Yes,23,POINT (-71.091566899999975 42.362901600000043),-71.091566899999975,42.362901600000043
358,G32001,Malden Center T Station,42.426541000000000,-71.073178999999996,Malden,Yes,11,POINT (-71.073178999999982 42.426541000000043),-71.073178999999982,42.426541000000043
359,G32003,Malden High School,42.426537660000001,-71.063936949999999,Malden,Yes,11,POINT (-71.06393694999997 42.426537660000065),-71.063936949999970,42.426537660000065
360,K32012,Marion St at Harvard St,42.340122430000001,-71.120705639999997,Brookline,Yes,15,POINT (-71.120705639999983 42.340122430000065),-71.120705639999983,42.340122430000065
361,E32012,Martha Eliot Health Center,42.324173000000002,-71.101960000000005,Boston,Yes,16,POINT (-71.101959999999963 42.32417300000003),-71.101959999999963,42.324173000000030
362,M32061,Mass Ave at Albany St,42.361358379999999,-71.096702739999998,Cambridge,Yes,18,POINT (-71.096702739999955 42.36135838000007),-71.096702739999955,42.361358380000070
363,M32056,Mass Ave at Hadley/Walden,42.391209719999999,-71.122607549999998,Cambridge,Yes,19,POINT (-71.122607549999941 42.391209720000063),-71.122607549999941,42.391209720000063
364,C32063,Mass Ave T Station,42.341356159999997,-71.083369529999999,Boston,Yes,14,POINT (-71.08336952999997 42.341356160000032),-71.083369529999970,42.341356160000032
365,M32085,Mass Ave/Lafayette Square,42.363564990000000,-71.100441840000002,Cambridge,Yes,15,POINT (-71.100441839999974 42.363564990000043),-71.100441839999974,42.363564990000043
366,C32004,Massachusetts Ave at Columbus Ave,42.340834999999998,-71.081619700000005,Boston,Yes,13,POINT (-71.081619699999976 42.340835000000027),-71.081619699999976,42.340835000000027
367,C32050,Mattapan Library,42.277388899999998,-71.093249999999998,Boston,Yes,15,POINT (-71.093249999999955 42.277388900000062),-71.093249999999955,42.277388900000062
368,C32045,Mattapan T Stop,42.267901999999999,-71.093641000000005,Boston,Yes,15,POINT (-71.093640999999934 42.267902000000049),-71.093640999999934,42.267902000000049
369,A32030,Maverick Square - Lewis Mall,42.368844080000002,-71.039778290000001,Boston,Yes,33,POINT (-71.039778289999958 42.368844080000031),-71.039778289999958,42.368844080000031
370,A32044,Maverick St at Massport Path,42.367741219999999,-71.033359750000002,Boston,Yes,15,POINT (-71.033359749999988 42.367741220000028),-71.033359749999988,42.367741220000028
371,T32004,Mayor Salvo Path at Mill St,42.518035200000000,-70.895700750000003,Salem,Yes,11,POINT (-70.895700749999946 42.518035200000043),-70.895700749999946,42.518035200000043
372,C32112,Meaney Playground - Pleasant St at E Cottage St,42.318702750000000,-71.058899780000004,,Yes,17,POINT (-71.058899779999933 42.318702750000057),-71.058899779999933,42.318702750000057
373,F32002,Medford Sq - Riverside Ave at River St,42.417724000000000,-71.108102000000002,Medford,Yes,11,POINT (-71.108101999999974 42.417724000000078),-71.108101999999974,42.417724000000078
374,D32037,Medford St at Charlestown BCYF,42.380429470000003,-71.060557220000007,Boston,Yes,19,POINT (-71.060557219999964 42.380429470000081),-71.060557219999964,42.380429470000081
375,M32006,MIT at Mass Ave / Amherst St,42.358100000000000,-71.093198000000001,Cambridge,Yes,27,POINT (-71.093197999999973 42.358100000000036),-71.093197999999973,42.358100000000036
376,M32070,MIT Carleton St at Amherst St,42.360541740000002,-71.086698170000005,Cambridge,Yes,27,POINT (-71.086698169999977 42.360541740000031),-71.086698169999977,42.360541740000031
377,M32071,MIT Hayward St at Amherst St,42.360859370000000,-71.085518579999999,Cambridge,Yes,27,POINT (-71.085518579999984 42.360859370000071),-71.085518579999984,42.360859370000071
378,M32041,MIT Pacific St at Purrington St,42.359573200000000,-71.101294760000002,Cambridge,Yes,19,POINT (-71.101294759999973 42.359573200000057),-71.101294759999973,42.359573200000057
379,M32005,MIT Stata Center at Vassar St / Main St,42.362131230000003,-71.091156010000006,Cambridge,Yes,35,POINT (-71.091156009999963 42.362131230000045),-71.091156009999963,42.362131230000045
380,M32042,MIT Vassar St,42.355601210000003,-71.103944780000006,Cambridge,Yes,53,POINT (-71.103944779999949 42.355601210000032),-71.103944779999949,42.355601210000032
381,B32023,MLK Blvd at Washington St,42.321438139999998,-71.091260610000006,Boston,Yes,15,POINT (-71.091260609999949 42.321438140000055),-71.091260609999949,42.321438140000055
382,M32086,Morgan Ave at North First St,42.371977260000001,-71.075858470000000,Cambridge,Yes,23,POINT (-71.075858469999957 42.371977260000051),-71.075858469999957,42.371977260000051
383,C32103,Morton St at Gallivan Blvd,42.278747000000003,-71.080286000000001,Boston,Yes,15,POINT (-71.080285999999944 42.278747000000067),-71.080285999999944,42.278747000000067
384,M32043,Mt Auburn,42.374786290000003,-71.133202310000001,Cambridge,Yes,19,POINT (-71.133202309999945 42.374786290000031),-71.133202309999945,42.374786290000031
385,D32017,Mugar Way at Beacon St,42.355536280000003,-71.072868700000001,Boston,Yes,19,POINT (-71.072868699999958 42.355536280000081),-71.072868699999958,42.355536280000081
386,C32023,Murphy Skating Rink - 1880 Day Blvd,42.336447999999997,-71.023739000000006,Boston,Yes,19,POINT (-71.023738999999978 42.336448000000075),-71.023738999999978,42.336448000000075
387,M32045,Museum of Science,42.367690179999997,-71.071162819999998,Cambridge,Yes,19,POINT (-71.071162819999984 42.367690180000068),-71.071162819999984,42.367690180000068
388,A32025,Nashua Street at Red Auerbach Way,42.365673000000001,-71.064262999999997,Boston,Yes,36,POINT (-71.064262999999983 42.365673000000072),-71.064262999999983,42.365673000000072
389,B32027,NCAAA - Walnut Ave at Crawford St,42.316901999999999,-71.091945999999993,Boston,Yes,15,POINT (-71.09194599999995 42.316902000000027),-71.091945999999950,42.316902000000027
390,D32001,New Balance - 20 Guest St,42.357329219999997,-71.146735399999997,Boston,Yes,14,POINT (-71.146735399999955 42.357329220000054),-71.146735399999955,42.357329220000054
391,C32022,Newmarket Square T Stop - Massachusetts Ave at Newmarket Square,42.326599000000002,-71.066497999999996,Boston,Yes,15,POINT (-71.066497999999967 42.326599000000044),-71.066497999999967,42.326599000000044
392,N32010,Newton Highlands T,42.322065660000000,-71.206372979999998,Newton,Yes,15,POINT (-71.206372979999969 42.322065660000078),-71.206372979999969,42.322065660000078
393,N32013,Newton Library,42.336203370000000,-71.207794550000003,Newton,Yes,13,POINT (-71.20779454999996 42.336203370000078),-71.207794549999960,42.336203370000078
394,W32007,Nichols Ave. at Watertown Greenway,42.367620490000000,-71.156566369999993,Watertown,Yes,12,POINT (-71.15656636999995 42.367620490000036),-71.156566369999950,42.367620490000036
395,N32002,Nonantum Library,42.360684560000003,-71.201462000000006,Newton,Yes,15,POINT (-71.201461999999935 42.360684560000038),-71.201461999999935,42.360684560000038
396,T32015,North St at Liberty Hill Ave,42.529899649999997,-70.906142590000002,Salem,Yes,11,POINT (-70.906142589999945 42.529899650000061),-70.906142589999945,42.529899650000061
397,G32002,Northern Strand at Main St,42.423859999999998,-71.067792999999995,Malden,Yes,11,POINT (-71.067792999999938 42.423860000000047),-71.067792999999938,42.423860000000047
398,D32031,Oak Square - 615 Washington St,42.350569999999998,-71.166490999999994,Boston,Yes,13,POINT (-71.166490999999951 42.350570000000062),-71.166490999999951,42.350570000000062
399,M32076,Old Morse Park at Putnam Ave,42.357662480000002,-71.108413339999998,Cambridge,Yes,15,POINT (-71.10841333999997 42.357662480000045),-71.108413339999970,42.357662480000045
400,B32061,One Beacon St,42.358477639999997,-71.061351299999998,Boston,Yes,16,POINT (-71.061351299999956 42.358477640000046),-71.061351299999956,42.358477640000046
401,B32036,One Brigham Circle,42.333922700000002,-71.104465090000005,Boston,Yes,15,POINT (-71.104465089999962 42.333922700000073),-71.104465089999962,42.333922700000073
402,M32003,One Broadway / Kendall Sq at Main St / 3rd St,42.362241789999999,-71.083110719999993,Cambridge,Yes,23,POINT (-71.083110719999979 42.362241790000041),-71.083110719999979,42.362241790000041
403,M32002,One Kendall Square at Hampshire St / Portland St,42.366276999999997,-71.091690000000000,Cambridge,Yes,19,POINT (-71.091689999999971 42.366277000000025),-71.091689999999971,42.366277000000025
404,M32053,One Memorial Drive,42.361619320000003,-71.080435510000001,Cambridge,Yes,19,POINT (-71.080435509999973 42.361619320000045),-71.080435509999973,42.361619320000045
405,A32035,Orient Heights T Stop - Bennington St at Saratoga St,42.386780999999999,-71.006097999999994,Boston,Yes,19,POINT (-71.006097999999952 42.386781000000042),-71.006097999999952,42.386781000000042
406,R32002,Orr Sq (Shirley Ave),42.407156559999997,-70.992724300000006,Revere,Yes,11,POINT (-70.992724299999963 42.407156560000033),-70.992724299999963,42.407156560000033
407,S32009,Packard Ave at Powderhouse Blvd,42.404490000000003,-71.123412999999999,Somerville,Yes,15,POINT (-71.123412999999971 42.404490000000067),-71.123412999999971,42.404490000000067
408,A32012,Packard's Corner - Commonwealth Ave at Brighton Ave,42.352260999999999,-71.123830999999996,Boston,Yes,27,POINT (-71.123830999999939 42.352261000000055),-71.123830999999939,42.352261000000055
409,A32008,Park Dr at Buswell St,42.347240999999997,-71.105300999999997,Boston,Yes,15,POINT (-71.10530099999994 42.347241000000054),-71.105300999999940,42.347241000000054
410,D32042,Park Plaza at Charles St S.,42.351828070000003,-71.067811379999995,Boston,Yes,19,POINT (-71.067811379999966 42.351828070000067),-71.067811379999966,42.351828070000067
411,Z32997,Parker St at Huntington Ave,42.338488490000003,-71.092611379999994,Boston,Yes,19,POINT (-71.092611379999937 42.338488490000032),-71.092611379999937,42.338488490000032
412,S32034,Perry Park,42.379273249999997,-71.103419029999998,Somerville,Yes,19,POINT (-71.103419029999941 42.37927325000004),-71.103419029999941,42.379273250000040
413,C32107,Pier 4 Blvd at Autumn Ln,42.350210199999999,-71.044670499999995,Boston,Yes,19,POINT (-71.044670499999938 42.350210200000049),-71.044670499999938,42.350210200000049
414,V32009,Pope John High School,42.420348699999998,-71.044197679999996,Everett,Yes,15,POINT (-71.044197679999968 42.420348700000034),-71.044197679999968,42.420348700000034
415,M32029,Porter Square Station,42.387994999999997,-71.119084000000001,Cambridge,Yes,19,POINT (-71.119083999999987 42.387995000000046),-71.119083999999987,42.387995000000046
416,A32050,Porzio Park,42.364119039999999,-71.028767819999999,Boston,Yes,17,POINT (-71.028767819999985 42.364119040000048),-71.028767819999985,42.364119040000048
417,S32008,Powder House Circle - Nathan Tufts Park,42.400877000000001,-71.116771999999997,Somerville,Yes,15,POINT (-71.116771999999969 42.400877000000037),-71.116771999999969,42.400877000000037
418,C32007,Prudential Center - 101 Huntington Ave,42.346520040000001,-71.080657770000002,Boston,Yes,18,POINT (-71.080657769999959 42.34652004000003),-71.080657769999959,42.346520040000030
419,A32026,Purchase St at Pearl St,42.354658999999998,-71.053180999999995,Boston,Yes,19,POINT (-71.053180999999938 42.354659000000026),-71.053180999999938,42.354659000000026
420,L32001,Railroad Lot and Minuteman Bikeway,42.416064570000003,-71.153366370000001,Arlington,Yes,11,POINT (-71.153366369999958 42.41606457000006),-71.153366369999958,42.416064570000060
421,M32079,Raymond Park at Walden St,42.387369540000002,-71.127610009999998,Cambridge,Yes,19,POINT (-71.127610009999955 42.387369540000066),-71.127610009999955,42.387369540000066
