OID_,Number,Name,Latitude,Longitude,District,Public_,Total_docks,shape_wkt,POINT_X,POINT_Y
3,A32019,175 N Harvard St,42.36447457,-71.12840831,Boston,Yes,17,POINT (-71.128408309999941 42.364474570000027),-71.12840830999994,42.36447457000003
253,B32017,Dudley Square - Bolling Building,42.32984299,-71.08386572,Boston,Yes,0,POINT (-71.083865719999949 42.329842990000031),-71.08386571999995,42.32984299000003
254,C32015,Dudley Town Common - Mt Pleasant Ave at Blue Hill Ave,42.325333,-71.075354,Boston,Yes,15,POINT (-71.075353999999948 42.325333000000057),-71.07535399999995,42.32533300000006
255,A32031,East Boston Neighborhood Health Center - 20 Maverick Square,42.369536,-71.039431,Boston,Yes,16,POINT (-71.039430999999979 42.369536000000039),-71.03943099999998,42.36953600000004
258,A32022,Edwards Playground - Main St at Eden St,42.378965,-71.068607,Boston,Yes,19,POINT (-71.068606999999986 42.378965000000051),-71.06860699999999,42.37896500000005
260,E32004,Egleston Square - Atherton St at Washington St,42.315692,-71.098634,Boston,Yes,15,POINT (-71.098633999999947 42.31569200000007),-71.09863399999995,42.31569200000007
264,A32000,Fan Pier,42.35339051,-71.0445714,Boston,Yes,15,POINT (-71.044571399999938 42.353390510000054),-71.04457139999994,42.35339051000005
265,C32051,Farragut Rd at E. 6th St,42.3334,-71.02495,Boston,Yes,23,POINT (-71.024949999999933 42.33340000000004),-71.02494999999993,42.33340000000004
266,C32041,Fields Corner T Stop,42.29963349,-71.06068976,Boston,Yes,15,POINT (-71.060689759999946 42.299633490000076),-71.06068975999995,42.29963349000008
267,B32064,Flat 9 at Whittier,42.33420351,-71.08767617,Boston,Yes,15,POINT (-71.087676169999952 42.334203510000066),-71.08767616999995,42.33420351000007
269,E32010,Forest Hills,42.300923,-71.114249,Boston,Yes,40,POINT (-71.114248999999973 42.300923000000068),-71.11424899999997,42.300923000000076
252,C32066,Dorchester Ave at King St,42.291718,-71.062571,Boston,Yes,15,POINT (-71.062570999999934 42.29171800000006),-71.06257099999993,42.29171800000007
271,B32062,Forsyth St at Huntington Ave,42.339202,-71.090511,Boston,Yes,15,POINT (-71.090510999999935 42.339202000000057),-71.09051099999994,42.33920200000006
274,C32111,Four Corners/Geneva T Stop,42.30321535,-71.07820988,Boston,Yes,15,POINT (-71.078209879999974 42.303215350000073),-71.07820987999997,42.30321535000007
275,C32027,Franklin Park - Seaver St at Humboldt Ave,42.309796,-71.092225,Boston,Yes,15,POINT (-71.092224999999985 42.309796000000063),-71.09222499999998,42.30979600000006
276,C32030,Franklin Park Zoo - Franklin Park Rd at Blue Hill Ave,42.303469,-71.085347,Boston,Yes,14,POINT (-71.085346999999956 42.303469000000064),-71.08534699999996,42.303469000000064
280,C32040,Gallivan Blvd at Adams St,42.28297568,-71.05466698,Boston,Yes,15,POINT (-71.054666979999979 42.28297568000005),-71.05466697999998,42.28297568000005
281,C32090,Geiger Gibson Community Health Center,42.31886468,-71.04536798,Boston,Yes,19,POINT (-71.04536797999998 42.318864680000047),-71.04536797999998,42.31886468000005
286,A32049,Gove St at Orleans St,42.37057753,-71.0355854,Boston,Yes,19,POINT (-71.035585399999945 42.370577530000048),-71.03558539999995,42.37057753000005
287,B32032,Government Center - Cambridge St at Court St,42.3598254,-71.05979576,Boston,Yes,35,POINT (-71.059795759999986 42.359825400000034),-71.05979575999999,42.359825400000034
290,E32005,Green Street T Stop - Green St at Amory St,42.310579,-71.107341,Boston,Yes,23,POINT (-71.107340999999963 42.310579000000075),-71.10734099999996,42.31057900000008
291,B32028,Grove Hall Library - 41 Geneva Ave,42.30791,-71.080952,Boston,Yes,15,POINT (-71.080951999999968 42.307910000000049),-71.08095199999997,42.30791000000005
297,D32043,Harrison Ave at Bennet St,42.3494261,-71.0620996,Boston,Yes,17,POINT (-71.062099599999954 42.349426100000073),-71.06209959999995,42.34942610000007
273,C32037,Four Corners - 157 Washington St,42.30412793,-71.07929528,Boston,Yes,11,POINT (-71.07929527999994 42.30412793000005),-71.07929527999994,42.30412793000005
251,C32009,Dorchester Ave at Gillette Park,42.34404051,-71.05737627,Boston,Yes,15,POINT (-71.057376269999963 42.34404051000007),-71.05737626999996,42.34404051000007
248,B32037,Deerfield St at Commonwealth Ave,42.34924377,-71.0972821,Boston,Yes,19,POINT (-71.097282099999973 42.349243770000044),-71.09728209999997,42.34924377000005
247,A32051,Day Sq,42.379295,-71.027733,Boston,Yes,16,POINT (-71.027732999999955 42.37929500000007),-71.02773299999996,42.37929500000007
207,B32059,Whittier St Health Center,42.33286288,-71.09218862,Boston,Yes,19,POINT (-71.092188619999945 42.33286288000005),-71.09218861999994,42.33286288000005
208,D32040,Williams St at Washington St,42.306539,-71.107669,Boston,Yes,23,POINT (-71.107668999999987 42.306539000000043),-71.10766899999999,42.30653900000004
210,B32005,Christian Science Plaza - Massachusetts Ave at Westland Ave,42.34366582,-71.08582377,Boston,Yes,19,POINT (-71.085823769999934 42.343665820000069),-71.08582376999993,42.34366582000007
212,C32099,Circuit Drive at American Legion Hwy,42.29704126,-71.09171927,Boston,Yes,19,POINT (-71.091719269999942 42.297041260000071),-71.09171926999994,42.29704126000007
214,C32104,Cleary Sq,42.2556,-71.12444,Boston,Yes,16,POINT (-71.124439999999936 42.255600000000072),-71.12443999999994,42.25560000000007
215,B32035,Cleveland Circle,42.33554308,-71.1506152,Boston,Yes,15,POINT (-71.150615199999947 42.335543080000036),-71.15061519999995,42.33554308000004
216,D32057,Clinton St at North St,42.36070284,-71.05524927,Boston,Yes,18,POINT (-71.055249269999933 42.360702840000044),-71.05524926999993,42.360702840000044
217,C32055,Codman Square Library,42.2873611,-71.071111,Boston,Yes,17,POINT (-71.071110999999974 42.287361100000055),-71.07111099999997,42.287361100000055
218,B32006,Colleges of the Fenway - Fenway at Avenue Louis Pasteur,42.34011512,-71.10061884,Boston,Yes,14,POINT (-71.100618839999981 42.340115120000064),-71.10061883999998,42.340115120000064
219,B32029,Columbia Rd at Ceylon St,42.309572,-71.0729,Boston,Yes,15,POINT (-71.072899999999947 42.30957200000006),-71.07289999999995,42.30957200000007
220,C32052,Columbia Rd at Tierney Community Center,42.33023071,-71.05060093,Boston,Yes,19,POINT (-71.050600929999973 42.33023071000008),-71.05060092999997,42.33023071000008
221,C32077,Columbus Ave at W. Canton St,42.34474225,-71.07648162,Boston,Yes,19,POINT (-71.076481619999981 42.344742250000024),-71.07648161999998,42.34474225000002
222,A32002,Commonwealth Ave at Agganis Way,42.35169202,-71.11903489,Boston,Yes,15,POINT (-71.119034889999966 42.35169202000003),-71.11903488999997,42.35169202000003
224,D32033,Commonwealth Ave at Chiswick Rd,42.34024645,-71.15168806,Boston,Yes,19,POINT (-71.151688059999969 42.340246450000052),-71.15168805999997,42.340246450000045
225,A32017,Commonwealth Ave at Griggs St,42.34922469,-71.13275303,Boston,Yes,15,POINT (-71.132753029999947 42.349224690000028),-71.13275302999995,42.34922469000002
226,D32034,Commonwealth Ave at Kelton St,42.34835863,-71.13997217,Boston,Yes,15,POINT (-71.139972169999965 42.348358630000064),-71.13997216999996,42.348358630000064
231,D32009,Congress St at Boston City Hall,42.36041775,-71.05752244,Boston,Yes,23,POINT (-71.057522439999957 42.360417750000067),-71.05752243999996,42.360417750000074
232,C32032,Congress St at Northern Ave,42.3481,-71.03764,Boston,Yes,15,POINT (-71.037639999999953 42.348100000000045),-71.03763999999995,42.348100000000045
237,D32005,Copley Square - Dartmouth St at Boylston St,42.34992828,-71.07739207,Boston,Yes,28,POINT (-71.077392069999974 42.349928280000029),-71.07739206999997,42.34992828000002
238,D32010,Cross St at Hanover St,42.362811,-71.056067,Boston,Yes,19,POINT (-71.056066999999985 42.362811000000079),-71.056067,42.36281100000008
239,Z32999,Cummins Highway at Blue Hill Ave T Stop,42.26998847,-71.09746183,Boston,Yes,14,POINT (-71.097461829999986 42.269988470000044),-71.09746182999999,42.26998847000005
240,E32001,Curtis Hall - South St at Centre St,42.309054,-71.11543,Boston,Yes,15,POINT (-71.115429999999947 42.30905400000006),-71.11542999999995,42.30905400000007
245,D32045,Dartmouth St at Newbury St,42.35096144,-71.07782811,Boston,Yes,19,POINT (-71.077828109999984 42.350961440000049),-71.07782810999998,42.35096144000005
298,C32093,Harrison Ave at E. Dedham St,42.339194,-71.06975,Boston,Yes,19,POINT (-71.069749999999942 42.339194000000077),-71.06974999999994,42.33919400000008
299,C32057,Harrison Ave at Mullins Way,42.34521562,-71.06384031,Boston,Yes,19,POINT (-71.063840309999989 42.345215620000033),-71.06384030999999,42.34521562000003
300,D32035,Harvard Ave at Brainerd Rd,42.34953017,-71.13022771,Boston,Yes,15,POINT (-71.130227709999986 42.349530170000037),-71.13022770999999,42.34953017000004
307,A32052,Harvard Stadium: N. Harvard St at Soldiers Field Rd,42.368019,-71.1242,Boston,Yes,15,POINT (-71.124199999999973 42.368019000000061),-71.12419999999997,42.36801900000006
367,C32050,Mattapan Library,42.2773889,-71.09325,Boston,Yes,15,POINT (-71.093249999999955 42.277388900000062),-71.09324999999995,42.27738890000006
368,C32045,Mattapan T Stop,42.267902,-71.093641,Boston,Yes,15,POINT (-71.093640999999934 42.267902000000049),-71.09364099999993,42.26790200000005
369,A32030,Maverick Square - Lewis Mall,42.36884408,-71.03977829,Boston,Yes,33,POINT (-71.039778289999958 42.368844080000031),-71.03977828999996,42.36884408000003
370,A32044,Maverick St at Massport Path,42.36774122,-71.03335975,Boston,Yes,15,POINT (-71.033359749999988 42.367741220000028),-71.03335974999999,42.36774122000002
374,D32037,Medford St at Charlestown BCYF,42.38042947,-71.06055722,Boston,Yes,19,POINT (-71.060557219999964 42.380429470000081),-71.06055721999996,42.38042947000008
381,B32023,MLK Blvd at Washington St,42.32143814,-71.09126061,Boston,Yes,15,POINT (-71.091260609999949 42.321438140000055),-71.09126060999995,42.321438140000055
383,C32103,Morton St at Gallivan Blvd,42.278747,-71.080286,Boston,Yes,15,POINT (-71.080285999999944 42.278747000000067),-71.08028599999993,42.278747000000074
385,D32017,Mugar Way at Beacon St,42.35553628,-71.0728687,Boston,Yes,19,POINT (-71.072868699999958 42.355536280000081),-71.07286869999996,42.35553628000008
386,C32023,Murphy Skating Rink - 1880 Day Blvd,42.336448,-71.023739,Boston,Yes,19,POINT (-71.023738999999978 42.336448000000075),-71.02373899999998,42.33644800000008
388,A32025,Nashua Street at Red Auerbach Way,42.365673,-71.064263,Boston,Yes,36,POINT (-71.064262999999983 42.365673000000072),-71.06426299999998,42.36567300000007
389,B32027,NCAAA - Walnut Ave at Crawford St,42.316902,-71.091946,Boston,Yes,15,POINT (-71.09194599999995 42.316902000000027),-71.09194599999995,42.31690200000003
390,D32001,New Balance - 20 Guest St,42.35732922,-71.1467354,Boston,Yes,14,POINT (-71.146735399999955 42.357329220000054),-71.14673539999995,42.35732922000005
391,C32022,Newmarket Square T Stop - Massachusetts Ave at Newmarket Square,42.326599,-71.066498,Boston,Yes,15,POINT (-71.066497999999967 42.326599000000044),-71.06649799999997,42.32659900000005
398,D32031,Oak Square - 615 Washington St,42.35057,-71.166491,Boston,Yes,13,POINT (-71.166490999999951 42.350570000000062),-71.16649099999995,42.35057000000006
400,B32061,One Beacon St,42.35847764,-71.0613513,Boston,Yes,16,POINT (-71.061351299999956 42.358477640000046),-71.06135129999996,42.35847764000005
401,B32036,One Brigham Circle,42.3339227,-71.10446509,Boston,Yes,15,POINT (-71.104465089999962 42.333922700000073),-71.10446508999996,42.33392270000007
405,A32035,Orient Heights T Stop - Bennington St at Saratoga St,42.386781,-71.006098,Boston,Yes,19,POINT (-71.006097999999952 42.386781000000042),-71.00609799999995,42.38678100000004
408,A32012,Packard's Corner - Commonwealth Ave at Brighton Ave,42.352261,-71.123831,Boston,Yes,27,POINT (-71.123830999999939 42.352261000000055),-71.12383099999994,42.352261000000055
409,A32008,Park Dr at Buswell St,42.347241,-71.105301,Boston,Yes,15,POINT (-71.10530099999994 42.347241000000054),-71.10530099999994,42.34724100000005
410,D32042,Park Plaza at Charles St S.,42.35182807,-71.06781138,Boston,Yes,19,POINT (-71.067811379999966 42.351828070000067),-71.06781137999997,42.351828070000074
411,Z32997,Parker St at Huntington Ave,42.33848849,-71.09261138,Boston,Yes,19,POINT (-71.092611379999937 42.338488490000032),-71.09261137999994,42.33848849000003
413,C32107,Pier 4 Blvd at Autumn Ln,42.3502102,-71.0446705,Boston,Yes,19,POINT (-71.044670499999938 42.350210200000049),-71.04467049999994,42.35021020000005
416,A32050,Porzio Park,42.36411904,-71.02876782,Boston,Yes,17,POINT (-71.028767819999985 42.364119040000048),-71.02876782,42.36411904000005
366,C32004,Massachusetts Ave at Columbus Ave,42.340835,-71.0816197,Boston,Yes,13,POINT (-71.081619699999976 42.340835000000027),-71.08161969999998,42.34083500000003
205,D32022,West End Park,42.36590788,-71.06446669,Boston,Yes,35,POINT (-71.064466689999961 42.365907880000066),-71.06446668999996,42.36590788000007
364,C32063,Mass Ave T Station,42.34135616,-71.08336953,Boston,Yes,14,POINT (-71.08336952999997 42.341356160000032),-71.08336952999997,42.34135616000003
356,D32038,Main St at Thompson Sq,42.37487847,-71.06383499,Boston,Yes,15,POINT (-71.063834989999975 42.374878470000056),-71.06383498999998,42.374878470000056
315,B32003,HMS/HSPH - Avenue Louis Pasteur at Longwood Ave,42.33741748,-71.10286117,Boston,Yes,25,POINT (-71.102861169999983 42.337417480000056),-71.10286116999998,42.337417480000056
316,A32040,Honan Library,42.3602737,-71.12852452,Boston,Yes,15,POINT (-71.128524519999985 42.36027370000005),-71.12852451999998,42.36027370000005
317,D32060,Hood Park,42.38004535,-71.07304573,Boston,Yes,23,POINT (-71.073045729999933 42.380045350000046),-71.07304572999993,42.380045350000046
319,B32033,Huntington Ave at Mass Art,42.33658555,-71.09886996,Boston,Yes,15,POINT (-71.098869959999945 42.336585550000052),-71.09886995999994,42.336585550000045
321,C32089,Hyde Park Ave at Walk Hill St,42.29606705,-71.116012,Boston,Yes,15,POINT (-71.116011999999955 42.296067050000033),-71.11601199999996,42.29606705000003
322,E32013,Hyde Park Library,42.2568376,-71.122509,Boston,Yes,15,POINT (-71.12250899999998 42.25683760000004),-71.12250899999998,42.25683760000004
323,E32003,Hyde Square - Barbara St at Centre St,42.32176526,-71.10984161,Boston,Yes,15,POINT (-71.109841609999933 42.321765260000063),-71.10984160999993,42.32176526000006
324,C32020,ID Building East,42.344827,-71.028664,Boston,Yes,17,POINT (-71.028663999999935 42.344827000000066),-71.02866399999994,42.34482700000007
325,C32021,ID Building West,42.344796,-71.031614,Boston,Yes,19,POINT (-71.031613999999934 42.344796000000031),-71.03161399999993,42.34479600000003
326,C32025,Ink Block - Harrison Ave at Herald St,42.345901,-71.063187,Boston,Yes,25,POINT (-71.063186999999971 42.345901000000026),-71.06318699999997,42.345901000000026
328,A32011,Innovation Lab - 125 Western Ave at Batten Way,42.36371276,-71.12459779,Boston,Yes,19,POINT (-71.124597789999939 42.363712760000055),-71.12459778999994,42.363712760000055
329,E32006,Jackson Square T Stop,42.32293117,-71.10014141,Boston,Yes,18,POINT (-71.100141409999935 42.322931170000061),-71.10014140999994,42.32293117000006
330,D32052,Jamaica St at South St,42.30604563,-71.11570891,Boston,Yes,19,POINT (-71.115708909999967 42.306045630000028),-71.11570890999997,42.30604563000002
332,C32013,JFK/UMass T Stop,42.32033974,-71.05118036,Boston,Yes,31,POINT (-71.051180359999933 42.320339740000065),-71.05118035999993,42.32033974000007
337,B32010,Kenmore Square,42.348706,-71.097009,Boston,Yes,26,POINT (-71.097008999999957 42.34870600000005),-71.09700899999996,42.34870600000005
341,B32015,Landmark Center - Brookline Ave at Park Dr,42.34369056,-71.10235287,Boston,Yes,15,POINT (-71.102352869999947 42.343690560000027),-71.10235286999995,42.34369056000003
343,B32058,Lansdowne T Stop,42.34734473,-71.10016808,Boston,Yes,27,POINT (-71.100168079999946 42.347344730000032),-71.10016807999995,42.34734473000003
344,D32061,Lenox St at Kendall St,42.33759485,-71.08255059,Boston,Yes,17,POINT (-71.082550589999983 42.337594850000073),-71.08255058999998,42.33759485000007
346,A32057,Lewis Mall Wharf,42.36567871,-71.04030132,Boston,Yes,21,POINT (-71.040301319999969 42.365678710000054),-71.04030131999997,42.36567871000005
347,D32006,Lewis Wharf at Atlantic Ave,42.363871,-71.050877,Boston,Yes,19,POINT (-71.050876999999957 42.363871000000074),-71.05087699999996,42.36387100000008
350,A32004,Longwood Ave at Binney St,42.338629,-71.1065,Boston,Yes,15,POINT (-71.106499999999983 42.338629000000026),-71.10649999999998,42.338629000000026
353,D32020,Main St at Austin St,42.375603,-71.064608,Boston,Yes,11,POINT (-71.064607999999964 42.375603000000069),-71.06460799999996,42.37560300000007
354,D32036,Main St at Baldwin St,42.380857,-71.070629,Boston,Yes,19,POINT (-71.07062899999994 42.380857000000049),-71.07062899999994,42.38085700000005
361,E32012,Martha Eliot Health Center,42.324173,-71.10196,Boston,Yes,16,POINT (-71.101959999999963 42.32417300000003),-71.10195999999996,42.32417300000003
418,C32007,Prudential Center - 101 Huntington Ave,42.34652004,-71.08065777,Boston,Yes,18,POINT (-71.080657769999959 42.34652004000003),-71.08065776999996,42.34652004000003
204,B32021,Wentworth Institute of Technology - Huntington Ave at Vancouver St,42.33758601,-71.09627098,Boston,Yes,12,POINT (-71.096270979999986 42.337586010000052),-71.09627097999999,42.337586010000045
198,D32002,Washington St at Waltham St,42.34157472,-71.0689044,Boston,Yes,15,POINT (-71.068904399999951 42.34157472000004),-71.06890439999995,42.34157472000004
60,D32046,Boylston St at Exeter St,42.34958942,-71.07946779,Boston,Yes,19,POINT (-71.079467789999967 42.349589420000029),-71.07946778999997,42.34958942000002
61,C32008,Boylston St at Fairfield St,42.34880382,-71.08236909,Boston,Yes,19,POINT (-71.082369089999986 42.348803820000057),-71.08236908999999,42.34880382000006
62,B32034,Boylston St at Jersey St,42.34465063,-71.09732501,Boston,Yes,15,POINT (-71.097325009999963 42.344650630000046),-71.09732500999996,42.34465063000005
63,B32018,Boylston St at Massachusetts Ave,42.34740621,-71.08678415,Boston,Yes,15,POINT (-71.086784149999971 42.347406210000031),-71.08678414999997,42.34740621000003
65,A32032,Bremen St at Marion St,42.37410622,-71.03276253,Boston,Yes,11,POINT (-71.032762529999957 42.374106220000044),-71.03276252999996,42.37410622000005
67,B32013,Brigham Circle - Francis St at Huntington Ave,42.33462893,-71.10407918,Boston,Yes,15,POINT (-71.104079179999985 42.334628930000065),-71.10407917999999,42.33462893000007
68,D32028,Brighton Center - Washington St at Cambridge St,42.34894857,-71.15027189,Boston,Yes,16,POINT (-71.150271889999942 42.348948570000061),-71.15027188999994,42.34894857000006
69,A32005,Brighton Mills - 370 Western Ave,42.36154571,-71.13776207,Boston,Yes,15,POINT (-71.137762069999951 42.36154571000003),-71.13776206999995,42.36154571000003
78,C32053,Broadway T Stop,42.34304858,-71.0580343,Boston,Yes,19,POINT (-71.058034299999974 42.343048580000072),-71.05803429999997,42.34304858000007
81,A32023,Bunker Hill Community College,42.37408991,-71.06905997,Boston,Yes,23,POINT (-71.069059969999955 42.374089910000066),-71.06905996999996,42.37408991000007
59,D32013,Boylston St at Berkeley St,42.35114198,-71.07329249,Boston,Yes,15,POINT (-71.073292489999972 42.351141980000079),-71.07329248999997,42.35114198000008
82,B32020,Burlington Ave at Brookline Ave,42.345733,-71.100694,Boston,Yes,15,POINT (-71.100693999999976 42.345733000000052),-71.10069399999998,42.345733000000045
91,C23109,Cedar Grove T Stop,42.2796076,-71.0602212,Boston,Yes,18,POINT (-71.060221199999944 42.279607600000077),-71.06022119999993,42.27960760000008
94,A32041,Central Square East Boston,42.37544913,-71.03918549,Boston,Yes,15,POINT (-71.039185489999966 42.37544913000005),-71.03918548999997,42.37544913000005
96,C32086,Centre St at Parkway YMCA,42.28277901,-71.15728851,Boston,Yes,17,POINT (-71.157288509999944 42.28277901000007),-71.15728850999993,42.28277901000007
97,C32085,Centre St at W. Roxbury Post Office,42.28633199,-71.15344755,Boston,Yes,19,POINT (-71.153447549999953 42.286331990000065),-71.15344754999995,42.28633199000007
99,D32016,Charles Circle - Charles St at Cambridge St,42.36079297,-71.07118962,Boston,Yes,19,POINT (-71.071189619999984 42.360792970000034),-71.07118961999998,42.360792970000034
100,D32039,Charlestown Navy Yard,42.37412455,-71.054812,Boston,Yes,23,POINT (-71.05481199999997 42.374124550000033),-71.05481199999997,42.37412455000003
105,D32015,Chinatown Gate Plaza,42.351356,-71.059367,Boston,Yes,19,POINT (-71.059366999999952 42.351356000000067),-71.05936699999995,42.351356000000074
106,D32019,Chinatown T Stop,42.352409,-71.062679,Boston,Yes,19,POINT (-71.062678999999946 42.35240900000008),-71.06267899999995,42.35240900000008
110,A32056,Riverway at Brookline Ave,42.33661006,-71.1100468,Boston,Yes,25,POINT (-71.110046799999964 42.336610060000055),-71.11004679999996,42.336610060000055
112,C32047,Roslindale Village - South St,42.287072,-71.127754,Boston,Yes,15,POINT (-71.127753999999982 42.28707200000008),-71.12775399999998,42.28707200000008
88,D32000,Cambridge St at Joy St,42.36125722,-71.06528744,Boston,Yes,15,POINT (-71.065287439999963 42.361257220000027),-71.06528743999996,42.36125722000003
58,D32007,Boylston St at Arlington St,42.35206005,-71.07046366,Boston,Yes,31,POINT (-71.070463659999973 42.352060050000034),-71.07046365999997,42.352060050000034
57,B32031,Bowdoin St at Quincy St,42.30785224,-71.06512249,Boston,Yes,15,POINT (-71.065122489999965 42.307852240000045),-71.06512248999996,42.307852240000045
56,A32045,Boston Landing,42.35656092,-71.14167538,Boston,Yes,17,POINT (-71.141675379999981 42.356560920000049),-71.14167537999998,42.35656092000005
5,C32094,2 Hummingbird Lane at Olmsted Green,42.28887,-71.095003,Boston,Yes,17,POINT (-71.095002999999963 42.288870000000031),-71.09500299999996,42.28887000000003
10,C32106,555 Metropolitan Ave,42.2681,-71.11924,Boston,Yes,18,POINT (-71.119239999999934 42.268100000000061),-71.11923999999993,42.26810000000006
11,C32105,606 American Legion Hwy at Canterbury St,42.28578,-71.109725,Boston,Yes,18,POINT (-71.109724999999969 42.285780000000045),-71.10972499999997,42.285780000000045
12,C32091,645 Summer St,42.34178089,-71.03987017,Boston,Yes,19,POINT (-71.039870169999972 42.341780890000052),-71.03987016999997,42.341780890000045
15,B32060,700 Commonwealth Ave.,42.34960945,-71.10391524,Boston,Yes,16,POINT (-71.103915239999935 42.349609450000059),-71.10391523999994,42.34960945000006
22,C32061,Albany St at E. Brookline St,42.33664795,-71.0689446,Boston,Yes,15,POINT (-71.068944599999952 42.336647950000042),-71.06894459999995,42.33664795000004
25,C32079,American Legion Hwy at Cummins Hwy,42.27881158,-71.11687703,Boston,Yes,14,POINT (-71.116877029999955 42.278811580000081),-71.11687702999996,42.27881158000008
28,B32004,Aquarium T Stop - 200 Atlantic Ave,42.36044136,-71.0504394,Boston,Yes,23,POINT (-71.050439399999959 42.360441360000038),-71.05043939999996,42.36044136000004
29,C32048,Archdale Rd at Washington St,42.29266593,-71.12119539,Boston,Yes,15,POINT (-71.121195389999968 42.292665930000055),-71.12119538999997,42.292665930000055
31,C32062,Ashmont T Stop,42.2856944,-71.0641389,Boston,Yes,15,POINT (-71.064138899999989 42.285694400000068),-71.06413889999999,42.285694400000075
35,A32003,B.U. Central - 725 Comm. Ave.,42.350406,-71.108279,Boston,Yes,11,POINT (-71.108278999999982 42.350406000000078),-71.10827899999998,42.35040600000008
36,C32003,Back Bay T Stop - Dartmouth St at Stuart St,42.34807412,-71.07657015,Boston,Yes,19,POINT (-71.076570149999952 42.348074120000035),-71.07657014999995,42.34807412000004
39,B32055,Bartlett St at John Elliot Sq,42.3294633,-71.0901582,Boston,Yes,15,POINT (-71.090158199999962 42.329463300000043),-71.09015819999996,42.32946330000004
40,C32108,Beach St at Freeport St,42.30367409,-71.05425954,Boston,Yes,19,POINT (-71.054259539999975 42.303674090000072),-71.05425953999998,42.30367409000007
42,D32024,Beacon St at Charles St,42.356052,-71.069849,Boston,Yes,19,POINT (-71.069848999999977 42.356052000000034),-71.06984899999998,42.356052000000034
44,C32059,Belgrade Ave at Walworth St,42.28634589,-71.1367213,Boston,Yes,14,POINT (-71.136721299999977 42.286345890000064),-71.13672129999998,42.286345890000064
46,A32028,Bennington St at Byron St,42.38353252,-71.01619095,Boston,Yes,15,POINT (-71.016190949999952 42.383532520000074),-71.01619094999995,42.38353252000008
47,A32039,Bennington St at Constitution Beach,42.38522394,-71.01063069,Boston,Yes,15,POINT (-71.010630689999971 42.38522394000006),-71.01063068999997,42.38522394000007
50,C32044,Blue Hill Ave at Almont St,42.27462067,-71.09372552,Boston,Yes,19,POINT (-71.093725519999964 42.274620670000047),-71.09372551999996,42.27462067000005
51,C32092,Blue Hill Ave at Havelock St,42.286012,-71.090986,Boston,Yes,18,POINT (-71.090985999999987 42.286012000000028),-71.09098599999999,42.28601200000002
52,B32008,Boston City Hall - 28 State St,42.35892,-71.057629,Boston,Yes,25,POINT (-71.057628999999963 42.358920000000069),-71.05762899999996,42.35892000000007
54,D32018,Boston Convention and Exhibition Center - Summer St at West Side Dr,42.34776345,-71.04535997,Boston,Yes,23,POINT (-71.045359969999936 42.347763450000059),-71.04535996999994,42.34776345000006
55,A32036,Boston East - 126 Border St,42.37331213,-71.04102008,Boston,Yes,15,POINT (-71.041020079999953 42.373312130000045),-71.04102007999995,42.373312130000045
113,C32046,Roslindale Village - Washington St,42.28630716,-71.12820532,Boston,Yes,15,POINT (-71.12820531999995 42.286307160000035),-71.12820531999995,42.28630716000004
114,E32014,Ross Playground,42.2645666,-71.1145523,Boston,Yes,19,POINT (-71.114552299999957 42.26456660000008),-71.11455229999996,42.26456660000008
115,D32008,Rowes Wharf at Atlantic Ave,42.357143,-71.050699,Boston,Yes,15,POINT (-71.050698999999952 42.357143000000065),-71.05069899999995,42.35714300000007
116,C32001,Roxbury Crossing T Stop - Columbus Ave at Tremont St,42.331184,-71.095171,Boston,Yes,23,POINT (-71.095170999999937 42.331184000000064),-71.09517099999994,42.331184000000064
158,C32110,Talbot Ave T Station,42.29225148,-71.07797205,Boston,Yes,19,POINT (-71.077972049999971 42.292251480000061),-71.07797204999997,42.29225148000006
161,E32011,The Dimock Center,42.31930943,-71.09639924,Boston,Yes,16,POINT (-71.096399239999982 42.319309430000033),-71.09639923999998,42.31930943000003
162,A32033,The Eddy - New St at Sumner St,42.370744,-71.044201,Boston,Yes,15,POINT (-71.044200999999987 42.370744000000059),-71.04420099999999,42.37074400000006
163,C32028,The Lawn on D,42.344792,-71.044024,Boston,Yes,19,POINT (-71.044023999999979 42.344792000000041),-71.04402399999998,42.34479200000004
164,D32054,The Overlook at St. Gabriel's,42.34679008,-71.14549814,Boston,Yes,18,POINT (-71.145498139999972 42.346790080000062),-71.14549813999997,42.34679008000006
167,C32000,Tremont St at E Berkeley St,42.345392,-71.069616,Boston,Yes,19,POINT (-71.06961599999994 42.345392000000061),-71.06961599999994,42.34539200000006
168,B32056,Tremont St at Hamilton Pl,42.35668335,-71.06166646,Boston,Yes,18,POINT (-71.061666459999969 42.356683350000026),-71.06166645999997,42.356683350000026
169,C32056,Tremont St at Northampton St,42.3384318,-71.0816905,Boston,Yes,19,POINT (-71.081690499999979 42.33843180000008),-71.08169049999998,42.33843180000008
170,C32060,Tremont St at W. Dedham St,42.34254914,-71.07421449,Boston,Yes,15,POINT (-71.074214489999974 42.342549140000074),-71.07421448999997,42.34254914000008
171,D32014,Tremont St at West St,42.354979,-71.063348,Boston,Yes,15,POINT (-71.063347999999962 42.354979000000071),-71.06334799999996,42.35497900000007
173,C32035,Troy Boston,42.343749,-71.062256,Boston,Yes,5,POINT (-71.062255999999934 42.343749000000059),-71.06225599999993,42.34374900000006
176,A32001,Union Square - Brighton Ave at Cambridge St,42.353334,-71.137313,Boston,Yes,19,POINT (-71.137312999999949 42.353334000000075),-71.13731299999995,42.35333400000008
179,C32014,University of Massachusetts Boston - Campus Center,42.31218918,-71.03648586,Boston,Yes,19,POINT (-71.036485859999971 42.312189180000075),-71.03648585999997,42.31218918000008
181,A32053,Valenti Way at Haverhill St,42.36473899,-71.05934903,Boston,Yes,24,POINT (-71.059349029999964 42.364738990000035),-71.05934902999996,42.36473899000004
185,C32029,W Broadway at D St,42.3391085,-71.0514432,Boston,Yes,20,POINT (-71.051443199999937 42.339108500000066),-71.05144319999994,42.33910850000007
186,C32016,W Broadway at Dorchester St,42.33595898,-71.046229,Boston,Yes,17,POINT (-71.046228999999983 42.335958980000044),-71.04622899999998,42.33595898000005
187,C32102,Walnut Ave at School St,42.31242399,-71.09616905,Boston,Yes,19,POINT (-71.096169049999958 42.31242399000007),-71.09616904999996,42.31242399000007
188,D32021,Warren St at Chelsea St,42.371848,-71.060292,Boston,Yes,23,POINT (-71.060291999999947 42.371848000000057),-71.06029199999995,42.37184800000006
191,D32029,Washington St at Brock St,42.34895285,-71.16031677,Boston,Yes,15,POINT (-71.160316769999952 42.348952850000046),-71.16031676999995,42.348952850000046
193,C32005,Washington St at Lenox St,42.33509899,-71.07903779,Boston,Yes,15,POINT (-71.079037789999973 42.335098990000063),-71.07903778999997,42.33509899000006
194,B32026,Washington St at Melnea Cass Blvd,42.332817,-71.081198,Boston,Yes,19,POINT (-71.081197999999972 42.332817000000034),-71.08119799999997,42.332817000000034
195,C32006,Washington St at Rutland St,42.3385146,-71.07404083,Boston,Yes,27,POINT (-71.074040829999944 42.338514600000053),-71.07404082999993,42.338514600000046
196,C32038,Washington St at Talbot Ave,42.290333,-71.071806,Boston,Yes,17,POINT (-71.071805999999981 42.290333000000032),-71.07180599999998,42.29033300000003
157,C32043,Talbot Ave At Blue Hill Ave,42.2945833,-71.087111,Boston,Yes,15,POINT (-71.087110999999936 42.294583300000056),-71.08711099999994,42.294583300000056
199,C32034,Watermark Seaport - Boston Wharf Rd at Seaport Blvd,42.351586,-71.04569256,Boston,Yes,15,POINT (-71.045692559999964 42.351586000000054),-71.04569255999996,42.35158600000005
156,C32064,Sydney St at Carson St,42.32039374,-71.05355408,Boston,Yes,19,POINT (-71.053554079999969 42.320393740000043),-71.05355407999997,42.32039374000004
153,A32013,Surface Rd at India St,42.358155,-71.052163,Boston,Yes,19,POINT (-71.05216299999995 42.358155000000068),-71.05216299999995,42.358155000000075
117,B32022,Roxbury YMCA - Warren St at MLK Blvd,42.31787329,-71.08243078,Boston,Yes,10,POINT (-71.082430779999981 42.31787329000008),-71.08243077999998,42.31787329000008
118,B32002,Ruggles T Stop - Columbus Ave at Melnea Cass Blvd,42.33624445,-71.08798563,Boston,Yes,26,POINT (-71.087985629999935 42.336244450000038),-71.08798562999993,42.33624445000004
119,E32007,S Huntington Ave at Heath St,42.32760387,-71.1108917,Boston,Yes,15,POINT (-71.110891699999968 42.327603870000075),-71.11089169999997,42.32760387000008
123,C32033,Savin Hill T Stop - S Sydney St at Bay St,42.3106,-71.0539,Boston,Yes,14,POINT (-71.053899999999942 42.310600000000079),-71.05389999999994,42.31060000000008
124,C32036,Seaport Blvd at Sleeper St,42.35317809,-71.04817357,Boston,Yes,15,POINT (-71.04817356999996 42.353178090000029),-71.04817356999996,42.35317809000002
125,B32014,Seaport Hotel - Congress St at Seaport Ln,42.34881026,-71.04167744,Boston,Yes,19,POINT (-71.041677439999944 42.34881026000005),-71.04167743999993,42.34881026000005
126,B32007,Seaport Square - Seaport Blvd at Northern Ave,42.35148193,-71.04436085,Boston,Yes,23,POINT (-71.044360849999975 42.351481930000034),-71.04436084999998,42.351481930000034
128,D32059,Shawmut Ave at Lenox St,42.33584613,-71.08038157,Boston,Yes,19,POINT (-71.080381569999986 42.33584613000005),-71.08038156999999,42.33584613000005
129,D32048,Shawmut Ave at Oak St W,42.34854543,-71.06559185,Boston,Yes,15,POINT (-71.065591849999976 42.348545430000058),-71.06559184999998,42.34854543000006
130,E32009,Shawmut T Stop,42.292917,-71.06575,Boston,Yes,19,POINT (-71.06574999999998 42.292917000000045),-71.06574999999998,42.292917000000045
133,D32032,Silber Way,42.349496,-71.10057592,Boston,Yes,19,POINT (-71.100575919999983 42.349496000000045),-71.10057591999998,42.349496000000045
135,A32006,Soldiers Field Park - 111 Western Ave,42.36426344,-71.1182757,Boston,Yes,15,POINT (-71.11827569999997 42.364263440000059),-71.11827569999997,42.36426344000006
140,C32017,South Boston Library - 646 E Broadway,42.335741,-71.03877,Boston,Yes,15,POINT (-71.038769999999943 42.335741000000041),-71.03876999999994,42.33574100000004
141,A32009,South End Library - Tremont St at W Newton St,42.341332,-71.076847,Boston,Yes,15,POINT (-71.076846999999987 42.341332000000079),-71.07684699999999,42.34133200000008
142,A32010,South Station - 700 Atlantic Ave,42.352175,-71.055547,Boston,Yes,47,POINT (-71.055546999999933 42.352175000000045),-71.05554699999993,42.352175000000045
143,D32023,Spaulding Rehabilitation Hospital - Charlestown Navy Yard,42.378338,-71.048927,Boston,Yes,19,POINT (-71.048926999999935 42.378338000000042),-71.04892699999994,42.37833800000004
144,C32087,Spring St at Powell St,42.27748444,-71.16341468,Boston,Yes,19,POINT (-71.16341467999996 42.27748444000008),-71.16341467999996,42.27748444000008
146,B32063,St. Alphonsus St at Tremont St,42.33329255,-71.10124648,Boston,Yes,18,POINT (-71.101246479999986 42.333292550000067),-71.10124647999999,42.333292550000074
147,C32024,State Street at Channel Center,42.344137,-71.052608,Boston,Yes,19,POINT (-71.052607999999964 42.344137000000046),-71.05260799999996,42.344137000000046
148,D32041,Stony Brook T Stop,42.316966,-71.104374,Boston,Yes,19,POINT (-71.10437399999995 42.316966000000036),-71.10437399999995,42.31696600000004
149,D32049,Stuart St at Berkeley St,42.34954403,-71.07242074,Boston,Yes,19,POINT (-71.072420739999984 42.349544030000061),-71.07242073999998,42.34954403000006
150,D32011,Stuart St at Charles St,42.351146,-71.066289,Boston,Yes,18,POINT (-71.066288999999983 42.351146000000028),-71.06628899999998,42.35114600000002
151,D32053,Sullivan Square,42.38445226,-71.07514855,Boston,Yes,19,POINT (-71.075148549999938 42.384452260000046),-71.07514854999994,42.384452260000046
154,A32042,Surface Rd at Summer St,42.3529457,-71.05656401,Boston,Yes,27,POINT (-71.056564009999988 42.352945700000078),-71.05656400999999,42.35294570000008
419,A32026,Purchase St at Pearl St,42.354659,-71.053181,Boston,Yes,19,POINT (-71.053180999999938 42.354659000000026),-71.05318099999994,42.35465900000003
